埃	'oj
哀	'oj
藹	'ajH
阸	'eaH
隘	'eaH
愛	'ojH
僾	'ojH
艾	ngajH
鞌	'an
鞍	'an
安	'an
安	'an
安	'an
晻	'omX
按	'anH
案	'anH
晻	'omH
暗	'omH
黬	keam
岸	nganH
豻	nganH
卬	ngang
卬	ngang
㼜	'angH
敖	ngaw
囂	ngaw
敖	ngaw
嗸	ngaw
熬	ngaw
媼	'awX
奧	'awH
澳	'awH
巴	pae
巴	pae
豝	pae
八	peat
軷	bat
茇	bat
拔	beat
茇	pat
胈	pat
把	paeX
罷	beaX
霸	paeH
白	baek
百	paek
柏	paek
敗	baejH
稗	beaH
敗	paejH
拜	peajH
班	paen
頒	paen
朌	paen
斑	paen
搬	pan
板	paenX
板	paenX
阪	pjonX
伴	banX
辦	beanH
半	panH
邦	paewng
蚌	baewngX
蜯	baewngX
傍	bangH
榜	paengH
謗	pangH
包	paew
胞	paew
苞	paew
褒	paw
雹	baewk
飽	paewX
保	pawX
寶	pawX
抱	bawX
暴	bawH
瀑	buwk
豹	paewH
爆	paewH
報	pawH
悲	pij
陂	pje
碑	pje
卑	pjie
卑	pjie
杯	pwoj
北	pok
拔	bajH
備	bijH
被	bjeX
被	bjeH
倍	bwojX
孛	bwojH
悖	bwojH
誖	bwojH
焙	bwojH
背	bwojH
偝	bwojH
誖	bwot
貝	pajH
背	pwojH
賁	pwon
奔	pwon
本	pwonX
畚	pwonX
祊	paeng
繃	peang
崩	pong
琫	puwngX
迸	peangH
堋	pongH
偪	pik
逼	pik
鼻	bjijH
鼻	bjijH
鄙	pijX
筆	pit
彼	pjeX
比	pjijX
匕	pjijX
匕	pjijX
妣	pjijX
秕	pjijX
髀	bejX
辟	bek
苾	bet
邲	bit
庳	bjieX
婢	bjieX
避	bjieH
敝	bjiejH
幣	bjiejH
斃	bjiejH
辟	bjiek
邲	bjit
嬖	pejH
閉	pejH
壁	pek
毖	pijH
閟	pijH
柲	pit
碧	pjaek
賁	pjeH
髀	pjieX
臂	pjieH
蔽	pjiejH
辟	pjiek
璧	pjiek
庇	pjij
畀	pjijH
比	pjijH
庇	pjijH
妣	pjijH
必	pjit
畢	pjit
畢	pjit
畢	pjit
彃	pjit
篳	pjit
蹕	pjit
韠	pjit
邊	pen
編	pen
𠓥	pjien
鞭	pjien
籩	pjien
編	pjien
扁	penX
貶	pjemX
貶	pjemX
窆	pjemH
釆	beanH
辮	benX
辨	bjenX
辯	bjenX
弁	bjenH
卞	bjenH
諞	bjienX
便	bjienH
徧	penH
辡	pjenX
變	pjenH
髟	pjiw
表	pjewX
摽	bjiewX
鱉	pjiet
別	bjet
別	pjet
豳	pin
賓	pjin
瀕	pjin
冫	ping
冰	ping
兵	pjaeng
并	pjieng
禀	limX
稟	pimX
稟	pimX
禀	pimX
丙	pjaengX
邴	pjaengX
秉	pjaengX
餅	pjiengX
並	bengX
病	bjaengH
枋	pjaengH
柄	pjaengH
棅	pjaengH
并	pjiengH
波	pa
番	pa
剝	paewk
撥	pat
帛	baek
薄	bak
泊	bak
孛	bwot
艴	bwot
勃	bwot
悖	bwot
伯	paek
駁	paewk
博	pak
搏	pak
胉	phak
搏	pjuH
襮	powk
跛	paX
簸	paX
簸	paH
播	paH
擘	peak
哺	buH
補	puX
卜	puwk
簿	buX
步	buH
部	buwX
不	pjuw
不	pjuw
布	puH
布	puH
才	dzoj
材	dzoj
財	dzoj
裁	dzoj
采	tshojX
采	tshojX
彩	tshojX
採	tshojX
蔡	tshajH
菜	tshojH
參	tshom
驂	tshom
慚	dzam
慙	dzam
殘	dzan
蠶	dzom
粲	tshanH
倉	tshang
凔	tshang
蒼	tshang
倉	tshang
藏	dzang
操	tshawX
操	tshawH
曹	dzaw
草	tshawX
草	tshawX
册	tsrheak
策	tsrheak
栅	tsrheak
廁	tsrhiH
畟	tsrhik
測	tsrhik
側	tsrik
參	tsrhim
層	dzong
曾	dzong
層	dzong
差	tsrhae
臿	tsrheap
插	tsrheap
扱	tsrheap
秅	drae
荼	drae
槎	dzrae
槎	dzraeX
察	tsrheat
詫	trhaeH
拆	trhaek
差	tsrhea
差	tsrheaj
祡	dzrea
儕	dzreaj
豺	dzreaj
蠆	trhaejH
幨	tsyhem
襜	tsyhem
廛	drjen
躔	drjen
纏	drjen
孱	dzrean
蟬	dzyen
單	dzyen
產	sreanX
諂	trhjemX
讇	trhjemX
幨	tsyhemH
長	drjang
場	drjang
腸	drjang
嘗	dzyang
常	dzyang
裳	dzyang
惝	tsyhangX
敞	tsyhangX
鬯	trhjangH
悵	trhjangH
倡	tsyhangH
唱	tsyhangH
超	trhjew
潮	drjew
朝	drjew
巢	dzraew
炒	tsrhaewX
車	tsyhae
澈	drjet
徹	drjet
撤	drjet
徹	drjet
坼	trhaek
撤	trhjet
徹	trhjet
徹	trhjet
瞋	tsyhin
沈	drim
沈	drim
沈	drim
沈	drimH
塵	drin
陳	drin
煁	dzyim
忱	dzyim
諶	dzyim
辰	dzyin
晨	dzyin
臣	dzyin
晨	zyin
瞠	trhaeng
赬	trhjeng
䞓	trhjeng
稱	tsyhing
棖	draeng
𣥺	draeng
橙	dreang
澄	dring
懲	dring
程	drjeng
程	drjeng
呈	drjeng
承	dzying
丞	dzying
成	dzyeng
城	dzyeng
誠	dzyeng
盛	dzyeng
成	dzyeng
乘	zying
塍	zying
逞	trhjengX
騁	trhjengX
稱	tsyhingH
絺	trhij
离	trhje
魑	trhje
螭	trhje
鴟	tsyhij
治	dri
持	dri
蚳	drij
坻	drij
遟	drij
遲	drij
池	drje
踟	drje
馳	drje
篪	drje
弛	syeX
恥	trhiX
齒	tsyhiX
哆	tsyhaeX
哆	tsyheX
侈	tsyheX
尺	tsyhek
翅	syeH
勅	trhik
熾	tsyhiH
赤	tsyhek
㡿	tsyhek
斥	tsyhek
厈	tsyhek
沖	drjuwng
舂	syowng
憃	syowng
憃	trhaewng
忡	trhjuwng
衝	tsyhowng
充	tsyhuwng
重	drjowng
蟲	drjuwng
崇	dzrjuwng
寵	trhjowngX
抽	trhjuw
瘳	trhjuw
稠	drjuw
綢	drjuw
𠃬	drjuw
𢏚	drjuw
疇	drjuw
疇	drjuw
愁	dzrjuw
讎	dzyuw
丑	trhjuwX
杻	trhjuwX
杽	trhjuwX
醜	tsyhuwX
醜	tsyhuwX
臭	tsyhuwH
臭	xjuwH
初	tsrhjo
出	tsyhwit
除	drjo
廚	drju
躕	drju
鉏	dzrjo
鋤	dzrjo
鋤	dzrjo
芻	tsrhju
楚	tsrhjoX
楚	tsrhjoX
楚	tsrhjoX
處	tsyhoX
杵	tsyhoX
豖	trhjowk
畜	trhjuwH
畜	trhjuwk
稸	trhjuwk
滀	trhjuwk
黜	trhwit
處	tsyhoH
觸	tsyhowk
俶	tsyhuwk
揣	tsrhjweX
嘬	tsrhwaejH
嘬	tsrhweajH
巛	tsyhwen
川	tsyhwen
穿	tsyhwen
椽	drjwen
傳	drjwen
輲	dzywen
船	zywen
舛	tsyhwenX
喘	tsyhwenX
窻	tsrhaewng
窗	tsrhaewng
䆫	tsrhaewng
創	tsrhjang
瘡	tsrhjang
撞	draewng
幢	draewng
牀	dzrjang
創	tsrhjangH
吹	tsyhwe
錘	drjwe
椎	drwij
垂	dzywe
捶	tsyweX
吹	tsyhweH
出	tsyhwijH
䡅	trhwin
輴	trhwin
春	tsyhwin
純	dzywin
純	dzywin
淳	dzywin
淳	dzywin
淳	dzywin
鶉	dzywin
脣	zywin
漘	zywin
躇	trhjak
綴	trjwet
輟	trjwet
錣	trwaet
綽	tsyhak
啜	tsyhwet
歠	tsyhwet
差	tsrhje
慈	dzi
餈	dzij
辭	zi
祠	zi
詞	zi
此	tshjeX
泚	tshjeX
賜	sjeH
次	tshijH
次	tshijH
朿	tshjeH
刺	tshjeH
刺	tshjek
蔥	tshuwng
聰	tshuwng
從	dzjowng
叢	dzuwng
取	tshuwX
粗	tshu
徂	dzu
趣	tshjowk
竄	tshwanH
崔	dzwoj
衰	tshwoj
催	tshwoj
縗	tshwoj
衰	tsrhjwe
萃	dzwijH
脃	tshjwejH
脆	tshjwejH
毳	tshjwejH
䄟	tshjwejH
膬	tshjwet
倅	tshwojH
啐	tshwojH
淬	tshwojH
焠	tshwojH
㯔	tsrhjwejH
毳	tsrhjwejH
存	dzwon
刌	tshwonX
忖	tshwonX
寸	tshwonH
差	tsha
磋	tsha
撮	tshwat
鹺	dza
瑳	tshaX
脞	tshwaX
錯	tshak
措	tshuH
剉	tshwaH
達	dat
怛	tat
答	top
荅	top
大	daH
大	dajH
汰	dajH
待	dojX
詒	dojX
怠	dojX
殆	dojX
迨	dojX
𨽿	dojX
袋	dojH
代	dojH
隶	dojH
逮	dojH
帶	tajH
貸	thojH
戴	tojH
儋	tam
擔	tam
單	tan
鄲	tan
丹	tan
耽	tom
膽	tamX
癉	tanX
𤺺	tanX
亶	tanX
淡	damX
憺	damX
澹	damX
啖	damX
啗	damX
啗	damH
但	danX
彈	danH
禫	domX
窞	domX
萏	domX
擔	tam
擔	tamH
旦	tanH
當	tang
黨	tangX
蕩	dangX
愓	dangX
碭	dangH
蕩	dangH
當	tangH
刀	taw
道	dawH
導	dawH
禱	tawX
倒	tawX
擣	tawX
島	tawX
道	dawX
稻	dawX
盜	dawH
悼	dawH
纛	dawH
到	tawH
倒	tawH
得	tok
德	tok
登	tong
鐙	tong
燈	tong
豋	tong
登	tong
等	tongX
氐	tej
敵	dek
狄	dek
翟	dek
糴	dek
篴	dek
滌	dek
嫡	tek
蹢	tek
氐	tejX
底	tejX
抵	tejX
遞	dejX
弟	dejX
娣	dejX
棣	dejH
折	dejH
杕	dejH
軑	dejH
第	dejH
睇	dejH
地	dijH
帝	tejH
的	tek
顛	ten
㓠	temX
點	temX
典	tenX
簟	demX
驔	demX
奠	denH
殿	denH
電	denH
佃	denH
畋	denH
甸	denH
奠	denH
玷	temX
墊	temH
店	temH
玷	temH
㓠	temH
殿	tenH
殿	tenH
凋	tew
彫	tew
雕	tew
弔	tek
釣	tewH
弔	tewH
跌	det
疊	dep
蝶	dep
墆	det
垤	det
迭	det
墊	tep
釘	teng
丁	teng
丁	teng
頂	tengX
鼎	tengX
定	dengH
定	dengH
釘	tengH
定	tengH
冬	towng
東	tuwng
動	duwngX
凍	tuwngH
兜	tuw
斗	tuwX
豆	duwH
豆	duwH
脰	duwH
竇	duwH
鬥	tuwH
鬭	tuwH
都	tu
毒	dowk
纛	dowk
毒	dowk
讀	duwk
獨	duwk
櫝	duwk
牘	duwk
犢	duwk
裻	sowk
裻	towk
篤	towk
賭	tuX
堵	tuX
堵	tuX
睹	tuX
肚	tuX
肚	duX
度	duH
渡	duH
妬	tuH
妒	tuH
蠹	tuH
耑	twan
端	twan
短	twanX
斷	dwanX
斷	twanX
段	twanH
斷	twanH
𠂤	twoj
堆	twoj
敦	twoj
懟	drwijH
兑	dwajH
兑	dwajH
隊	dwojH
轛	trwijH
對	twojH
敦	twon
敦	twon
豚	dwonX
遯	dwonX
盾	dwonX
遁	dwonX
遯	dwonH
遁	dwonH
多	ta
咄	twot
度	dak
鐸	dak
奪	dwat
掇	trjwet
掇	twat
舵	daX
墮	dwaX
惰	dwaX
阿	'a
阿	'a
鵝	nga
蛾	nga
額	ngaek
譌	ngwa
吪	ngwa
訛	ngwa
堊	'ak
惡	'ak
閼	'at
遏	'at
頞	'at
戹	'eak
厄	'eak
軛	'eak
阨	'eak
搤	'eak
隘	'eak
餓	ngaH
愕	ngak
咢	ngak
遌	ngak
諤	ngak
恩	'on
而	nyi
兒	nye
爾	nejX
耳	nyiX
耳	nyiX
餌	nyiH
尔	nyeX
爾	nyeX
爾	nyeX
邇	nyeX
二	nyijH
貳	nyijH
發	pjot
乏	bjop
罰	bjot
伐	bjot
法	pjop
灋	pjop
髮	pjot
番	phjon
蕃	pjon
藩	pjon
笲	bjenH
凡	bjom
煩	bjon
燔	bjon
蕃	bjon
繁	bjon
反	baenX
反	pjonX
返	pjonX
範	bjomX
范	bjomX
范	bjomX
飯	bjonX
飯	bjonH
汎	bjuwng
泛	phjomH
芳	phjang
方	pjang
方	pjang
方	pjang
匚	pjang
房	bjang
坊	bjang
魴	bjang
防	bjang
妨	phjang
舫	pangH
紡	phjangX
髣	phjangX
訪	phjangH
放	pjangX
昉	pjangX
瓬	pjangX
旊	pjangX
舫	pjangH
放	pjangH
妃	phj+j
飛	pj+j
扉	pj+j
非	pj+j
肥	bj+j
朏	phj+jX
誹	pj+j
匪	pj+jX
匪	pj+jX
蜚	pj+jX
吠	bjojH
昲	phj+jH
費	phj+jH
肺	phjojH
祓	phjut
沸	pj+jH
疿	pj+jH
廢	pjojH
廢	pjojH
祓	pjojH
𦐈	pjun
饙	pjun
分	pjun
焚	bjun
賁	bjun
粉	pjunX
憤	bjunX
分	bjunH
奮	pjunH
糞	pjunH
豐	phjowng
豐	phjowng
豐	phjowng
蜂	phjowng
鋒	phjowng
豐	phjuwng
封	pjowng
風	pjuwng
縫	bjowng
逢	bjowng
覂	pjowngX
奉	bjowngX
縫	bjowngH
奉	phjowngX
賵	phjuwngH
風	pjuwngH
諷	pjuwngH
缶	pjuwX
否	pjuwX
鋪	phju
敷	phju
夫	pju
膚	pju
怫	bj+jH
幞	bjowk
符	bju
夫	bju
夫	bju
扶	bju
扶	bju
佛	bjut
怫	bjut
咈	bjut
枹	bjuw
蜉	bjuw
浮	bjuw
伏	bjuwH
畐	bjuwk
匐	bjuwk
𠬝	bjuwk
服	bjuwk
服	bjuwk
服	bjuwk
箙	bjuwk
伏	bjuwk
匐	bok
刜	phjut
拂	phjut
彿	phjut
茀	phjut
艴	phjut
幅	pik
弗	pjut
茀	pjut
紱	pjut
弗	pjut
弗	pjut
福	pjuwk
輻	pjuwk
幅	pjuwk
幅	pjuwk
輔	bjuX
腐	bjuX
撫	phjuX
鈇	pjuX
父	pjuX
斧	pjuX
甫	pjuX
脯	pjuX
簠	pjuX
府	pjuX
甫	pjuX
縛	bjak
父	bjuX
附	bjuH
傅	bjuH
阜	bjuwX
服	bjuwX
負	bjuwX
婦	bjuwX
復	bjuwH
复	bjuwk
復	bjuwk
輹	bjuwk
𠠦	peak
副	phik
赴	phjuH
覆	phjuwH
副	phjuwH
覆	phjuwk
傅	pjuH
賦	pjuH
賦	pjuH
付	pjuH
富	pjuwH
腹	pjuwk
複	pjuwk
該	koj
改	kojX
攺	kojX
蓋	kajH
匃	kajH
匃	kat
概	kojH
溉	kojH
甘	kam
干	kan
乾	kan
漧	kan
干	kan
奸	kan
干	kan
干	kan
竿	kan
肝	kan
敢	kamX
秆	kanX
笴	kanX
簳	kanX
感	komX
倝	kanH
幹	kanH
贛	komX
贛	komH
鋼	kang
亢	kang
剛	kang
綱	kang
高	kaw
膏	kaw
皋	kaw
鼛	kaw
膏	kawH
稿	kawX
告	kawH
誥	kawH
告	kowk
郜	kowk
歌	ka
胳	kak
割	kat
鴿	kop
戈	kwa
𢓜	kaek
格	kaek
閣	kak
葛	kat
鬲	keak
隔	keak
革	keak
革	keak
韐	keap
閤	kop
韐	kop
合	kop
箇	kaH
個	kaH
个	kaH
各	kak
根	kon
亙	kongH
更	kaeng
庚	kaeng
羹	kaeng
耕	keang
梗	kaengX
耿	keangX
更	kaengH
供	kjowng
龏	kjowng
龔	kjowng
恭	kjowng
宮	kjuwng
躳	kjuwng
躬	kjuwng
弓	kjuwng
公	kuwng
公	kuwng
工	kuwng
工	kuwng
功	kuwng
攻	kuwng
觥	kwaeng
𠃋	kwong
肱	kwong
𢀜	kjowngX
鞏	kjowngX
廾	kjowngX
𠬞	kjowngX
拱	kjowngX
拲	kjowngX
共	gjowngH
贛	kuwngH
貢	kuwngH
句	kuw
溝	kuw
篝	kuw
鉤	kuw
狗	kuwX
苟	kuwX
句	kuwH
彀	kuwH
冓	kuwH
媾	kuwH
覯	kuwH
購	kuwH
訽	xuwH
呱	ku
孤	ku
罛	ku
姑	ku
菇	ku
賈	kuX
牯	kuX
羖	kuX
鼓	kuX
鼔	kuX
瞽	kuX
蠱	kuX
股	kuX
古	kuX
谷	kuwk
穀	kuwk
轂	kuwk
汩	kwot
骨	kwot
雇	kuH
顧	kuH
痼	kuH
固	kuH
錮	kuH
故	kuH
故	kuH
騧	kwae
瓜	kwae
刮	kwaet
𠯑	kwat
劀	kweat
寡	kwaeX
冎	kwaeX
卦	kweaH
挂	kweaH
絓	kweaH
乖	kweaj
夬	kwaejH
怪	kweajH
關	kwaen
關	kwaen
關	kwaen
倌	kwaenH
觀	kwan
冠	kwan
官	kwan
棺	kwan
鰥	kwean
鰥	kwean
綸	kwean
管	kwanX
筦	kwanX
痯	kwanX
管	kwanX
管	kwanX
館	kwanH
摜	kwaenH
慣	kwaenH
串	kwaenH
貫	kwan
雚	kwanH
鸛	kwanH
觀	kwanH
觀	kwanH
灌	kwanH
祼	kwanH
冠	kwanH
貫	kwanH
光	kwang
廣	kwangX
廣	kwangH
龜	kjuw
歸	kjw+j
媯	kjwe
規	kjwie
圭	kwej
龜	kwij
瑰	kwoj
鬼	kjw+jX
詭	kjweX
癸	kjwijX
簋	kwijX
軌	kwijX
跪	gjweX
匱	gwijH
櫃	gwijH
貴	kjw+jH
劌	kjwejH
撅	kjwejH
檜	kwajH
襘	kwajH
過	kwa
過	kwa
郭	kwak
虢	kwaek
馘	kweak
國	kwok
果	kwaX
蜾	kwaX
裹	kwaX
槨	kwak
過	kwaH
蝦	hae
骸	heaj
孩	hoj
海	xojX
害	hajH
害	hajH
駭	heajX
亥	hojX
酣	ham
邯	ham
寒	han
邯	han
韓	han
圅	hom
函	hom
含	hom
唅	hom
涵	hom
含	homH
罕	xanX
罕	xanX
旱	hanX
汗	hanH
翰	hanH
翰	hanH
翰	hanH
扞	hanH
捍	hanH
翰	hanH
頷	homX
憾	homH
睅	hwaenX
暵	xanX
厂	xanX
暵	xanH
漢	xanH
厂	xanH
行	hang
杭	hang
蒿	xaw
茠	xaw
薅	xaw
號	haw
毫	haw
豪	haw
號	hawH
好	xawX
浩	hawX
号	hawH
藃	xawH
好	xawH
呵	xa
訶	xa
欱	xop
河	ha
何	ha
荷	ha
盍	hap
蓋	hap
曷	hat
核	heak
覈	heak
劾	hojH
劾	hok
合	hop
齕	hot
禾	hwa
和	hwa
荷	haX
賀	haH
鶴	haewk
翯	haewk
鶴	hak
褐	hat
隺	howk
和	hwaH
嚇	xaek
赫	xaek
壑	xak
黑	xok
恨	honH
亨	xaeng
桁	haeng
衡	haeng
恆	hong
橫	hwaeng
薨	xwong
鴻	huwng
紅	huwng
虹	huwng
宏	hweang
弘	hwong
鬨	huwngH
侯	huw
喉	huw
鍭	huw
猴	huw
鍭	huwH
厚	huwX
後	huwX
后	huwX
候	huwH
逅	huwH
後	huwH
乎	hu
乎	hu
幠	xu
呼	xu
虍	xu
芴	xwot
忽	xwot
惚	xwot
糊	hu
壺	hu
弧	hu
狐	hu
胡	hu
湖	hu
葫	hu
搰	hwot
許	xuX
滸	xuX
滸	xuX
虎	xuX
祜	huX
鳸	huX
戶	huX
戶	huX
扈	huX
沍	huH
瓠	huH
護	huH
互	huH
枑	huH
呼	xuH
荂	xju
花	xwae
華	xwae
划	hwae
華	hwae
滑	hweat
猾	hweat
猾	hweat
譁	xwae
輠	hwaeX
踝	hwaeX
華	hwaeH
話	hwaejH
畫	hweaH
繣	hweaH
劃	hweak
畫	hweak
化	xwaeH
繣	xweak
槐	hweaj
懷	hweaj
淮	hweaj
槐	hwoj
壞	hweajH
壞	hweajH
壞	hwojX
壞	hwojX
壞	kweajH
讙	xjwon
歡	xwan
懽	xwan
驩	xwan
驩	xwan
環	hwaen
睘	hwaen
還	hwaen
亘	hwan
桓	hwan
雈	hwan
桓	hwan
貆	xjwon
緩	hwanX
患	hwaenH
擐	hwaenH
宦	hwaenH
輠	hwanX
浣	hwanX
換	hwanH
渙	xwanH
巟	xwang
衁	xwang
荒	xwang
黃	hwang
皇	hwang
皇	hwang
徨	hwang
煌	hwang
煌	hwang
隍	hwang
蝗	hwang
詤	xwang
芒	xwangX
詤	xwangX
慌	xwangX
隓	dwaX
徽	xjw+j
揮	xjw+j
暉	xjw+j
煇	xjw+j
輝	xjw+j
楎	xjw+j
墮	xjwie
隳	xjwie
虺	xwoj
灰	xwoj
回	hwoj
迴	hwoj
虺	xjw+jX
𤈦	xjw+jX
虺	xjw+jX
毀	xjweX
烜	xjweX
悔	xwojX
穢	'jwojH
會	hwajH
會	hwajH
慧	hwejH
惠	hwejH
叀	hwejH
輠	hwojX
喙	tsyhwejH
隋	xjwieH
喙	xjwojH
顪	xjwojH
翽	xwajH
嘒	xwejH
賄	xwojX
誨	xwojH
晦	xwojH
靧	xwojH
彗	zjwejH
昏	xwon
婚	xwon
渾	hwon
魂	hwon
楎	hwon
渾	hwonX
活	hwat
夥	hwaX
火	xwaX
禍	hwaX
擭	hwaeH
穫	hwak
蒦	hweak
獲	hweak
或	hwok
惑	hwok
貨	xwaH
濊	xwat
畿	gj+j
屐	gjaek
枅	kej
笄	kej
雞	kej
鷄	kej
𥝌	kej
稽	kej
稽	kej
稽	kej
激	kek
擊	kek
姬	ki
箕	ki
基	ki
飢	kij
肌	kij
机	kijX
饑	kj+j
幾	kj+j
機	kj+j
奇	kje
羈	kje
䪡	tsej
躋	tsej
隮	tsej
績	tsek
積	tsjek
輯	dzip
集	dzip
疾	dzit
籍	dzjek
藉	dzjek
極	gik
及	gip
佶	git
亟	kik
棘	kik
朸	kik
急	kip
級	kip
吉	kjit
即	tsik
即	tsik
揖	tsip
堲	tsit
楫	tsjep
濈	tsrip
輯	tsrip
己	kiX
己	kiX
紀	kiX
几	kijX
給	kip
幾	kj+jX
戟	kjaek
丮	kjaek
濟	tsejX
濟	tsejX
濟	tsejX
泲	tsejX
脊	tsjek
薺	dzejX
寂	dzek
忌	giH
暨	gijH
踦	gjeX
伎	gjeX
技	gjeX
芰	gjeH
悸	gjwijH
繫	kejH
繼	kejH
髻	kejH
計	kejH
記	kiH
冀	kijH
既	kj+jH
寄	kjeH
罽	kjejH
猘	kjejH
瘈	kjiejH
季	kjwijH
濟	tsejH
濟	tsejH
績	tsek
稷	tsik
穄	tsjejH
際	tsjejH
祭	tsjejH
跡	tsjek
迹	tsjek
𨒪	tsjek
蹟	tsjek
嘉	kae
家	kae
豭	kae
加	kae
梜	kaep
夾	keap
梜	kep
戛	keat
跲	kjaep
叚	kaeX
假	kaeX
斝	kaeX
假	kaeX
甲	kaep
賈	kaeH
價	kaeH
嫁	kaeH
稼	kaeH
駕	kaeH
嫁	kaeH
佳	kea
戔	dzan
監	kaem
姦	kaen
蕑	kean
蕑	kean
間	kean
間	kean
𡏳	kean
艱	kean
囏	kean
兼	kem
蒹	kem
豣	ken
肩	ken
枅	ken
堅	ken
𩱡	kjon
漸	tsjem
熸	tsjem
儉	gjemX
減	heamX
減	keamX
柬	keanX
揀	keanX
簡	keanX
簡	keanX
繭	kenX
檢	kjemX
𢵈	kjenX
䭕	tsjemX
翦	tsjenX
荐	dzenH
荐	dzenH
洊	dzenH
栫	dzenH
漸	dzjemX
踐	dzjenX
俴	dzjenX
賤	dzjenH
件	gjenX
檻	haemX
檻	haemX
檻	hamX
監	kaemH
澗	kaenH
諫	kaenH
見	kenH
劍	kjaemH
建	kjonH
僭	tsemH
薦	tsenH
濺	tsjenH
箭	tsjenH
江	kaewng
姜	kjang
薑	kjang
畺	kjang
疆	kjang
將	tsjang
漿	tsjang
講	kaewngX
奬	tsjangX
匠	dzjangH
虹	kaewngH
降	kaewngH
將	tsjangH
醬	tsjangH
茭	kaew
交	kaew
郊	kaew
膠	kaew
教	kaew
徼	kew
椒	tsew
椒	tsjew
焦	tsjew
焦	tsjew
膠	kaewX
絞	kaewX
攪	kaewX
鉸	kaewX
角	kaewk
僥	kewX
腳	kjak
脚	kjak
矯	kjewX
剿	tsjewX
噍	dzjewH
覺	kaewH
窖	kaewH
教	kaewH
徼	kewH
叫	kewH
揭	gjet
揭	gjot
湝	heaj
街	kea
皆	keaj
階	keaj
喈	keaj
秸	keat
揭	khjejH
揭	khjet
揭	kjot
嗟	tsjae
接	tsjep
椄	tsjep
截	dzet
捷	dzjep
竭	gjet
桀	gjet
傑	gjet
桀	gjet
袺	keat
潔	ket
拮	ket
結	ket
袺	ket
詰	khjit
劫	kjaep
桀	kjet
節	tset
卪	tset
睫	tsjep
解	keaX
藉	dzjaeH
藉	dzjaeH
犗	kaejH
疥	keajH
界	keajH
芥	keajH
介	keajH
屆	keajH
戒	keajH
誡	keajH
借	tsjaeH
借	tsjek
今	kim
金	kim
䘳	kim
襟	kim
巾	kin
矜	king
矜	king
筋	kj+n
斤	kj+n
津	tsin
堇	gin
殣	ginH
錦	kimX
堇	kj+nX
謹	kj+nX
緊	kjinX
盡	tsinX
盡	dzinX
燼	dzinH
僅	ginH
墐	ginH
墐	ginH
饉	ginH
慬	gj+n
近	gj+nX
近	gj+nH
禁	kimH
蓳	kj+nX
蓳	kj+nH
進	tsinH
晉	tsinH
鯨	gjaeng
莖	heang
經	keng
巠	keng
兢	king
京	kjaeng
荊	kjaeng
驚	kjaeng
旌	tsjeng
精	tsjeng
晶	tsjeng
頸	gjieng
剄	kengX
景	kjaengX
景	kjaengX
境	kjaengX
警	kjaengX
頸	kjiengX
井	tsjengX
丼	tsjengX
淨	dzjengH
淨	dzjengH
競	gjaengH
脛	hengH
徑	kengH
鏡	kjaengH
竟	kjaengH
敬	kjaengH
勁	kjiengH
坰	kweng
扃	kweng
褧	khwengX
囧	kjwaengX
丩	kjiw
摎	kjiw
樛	kjiw
樛	kjiw
糾	kjiwX
鳩	kjuw
究	kjuwH
九	kjuwX
久	kjuwX
灸	kjuwX
韭	kjuwX
酒	tsjuwX
就	dzjuwH
臼	gjuwX
舅	gjuwX
咎	gjuwX
舊	gjuwH
柩	gjuwH
廄	kjuwH
㝌	kjuwH
救	kjuwH
車	kjo
居	kjo
居	kjo
居	kjoH
鞫	kjuwk
砠	tshjo
雎	tshjo
鴡	tshjo
且	tsjo
娵	tsju
局	gjowk
局	gjowk
繘	kjwit
橘	kjwit
狊	kwek
鶪	kwek
鵙	kwek
沮	dzjoX
舉	kjoX
舉	kjoX
筥	kjoX
莒	kjoX
枸	kjuX
矩	kjuX
聚	dzjuX
聚	dzjuH
粔	gjoX
遽	gjoH
醵	gjoH
具	gjuH
懼	gjuH
據	kjoH
鋸	kjoH
俱	kju
句	kjuH
鞻	kjuH
屨	kjuH
足	tsjuH
卷	kjwenX
畎	kwenX
圈	gjwenX
睠	kjwenH
眷	kjwenH
絹	kjwienH
絕	dzjwet
𧮫	gjak
倔	gjut
掘	gjut
掘	gjwot
蹷	gjwot
玨	kaewk
覺	kaewk
蹻	kjewX
矍	kjwak
攫	kjwak
蹷	kjwejH
蕨	kjwot
厥	kjwot
蹶	kjwot
譎	kwet
決	kwet
決	kwet
訣	kwet
爵	tsjak
君	kjun
軍	kjun
均	kjwin
鈞	kjwin
鈞	kjwin
麏	kwin
麕	kwin
麇	kwin
郡	gjunH
菌	gwinX
駿	tswinH
開	khoj
開	khoj
豈	khojX
凱	khojX
愷	khojX
塏	khojX
鎧	khojX
鎧	khojH
嘅	khojH
慨	khojH
咳	khojH
欬	khojH
愾	xj+jH
看	khan
堪	khom
戡	khom
竷	khomX
坎	khomX
埳	khomX
欿	khomX
欿	khomX
欿	khomX
𠪚	ngim
看	khanH
康	khang
康	khang
抗	khangH
尻	khaw
丂	khawX
考	khawX
犒	khawH
柯	ka
薖	khwa
可	khaX
渴	khat
客	khaek
刻	khok
克	khok
肯	khongX
牼	heang
牼	kheang
空	khuwng
恐	khjowngX
孔	khuwngX
空	khuwngX
控	khuwngH
口	khuwX
叩	khuwX
寇	khuwH
叩	khuwH
枯	khu
哭	khuwk
堀	khwot
窟	khwot
苦	khuX
酷	khowk
庫	khuH
袴	khuH
夸	khwae
誇	khwae
蒯	khweajH
快	khwaejH
噲	khwaejH
塊	khweajH
塊	khwojH
膾	kwajH
巜	kwajH
澮	kwajH
鬠	kwajH
會	kwajH
寬	khwan
匡	khjwang
筐	khjwang
狂	gjwang
曠	khwangH
壙	khwangH
曠	khwangH
纊	khwangH
況	xjwangH
況	xjwangH
虧	khjwe
窺	khjwie
葵	gjwij
揆	gjwijX
戣	gwij
頯	gwij
逵	gwij
頄	gwij
馗	gwij
睽	khwej
魁	khwoj
魁	khwoj
魁	khwoj
蕢	gwijH
饋	gwijH
餽	gwijH
潰	hwojH
喟	khweajH
簣	khweajH
喟	khwijH
愧	kwijH
聵	ngweajH
坤	khwon
昆	kwon
𥊽	kwon
梱	khwonX
稇	khwonX
困	khwonH
擴	khwak
廓	khwak
闊	khwat
闊	khwat
臘	lap
蠟	lap
辣	lat
剌	lat
拉	lop
𧳟	loj
來	loj
來	loj
瀨	lajH
糲	lajH
賴	lajH
籟	lajH
賚	lojH
瀾	lanX
藍	lam
籃	lam
闌	lan
蘭	lan
婪	lom
懶	lanX
爛	lanH
爤	lanH
郎	lang
浪	lang
狼	lang
琅	lang
琅	lang
稂	lang
廊	lang
郎	lang
俍	ljang
朗	langX
勞	law
老	lawX
勞	lawH
𤻲	lak
樂	lak
樂	lak
勒	lok
勒	lok
羸	ljwe
羸	ljwe
纍	lwij
靁	lwoj
雷	lwoj
罍	lwoj
累	ljwe
累	ljweX
壘	lwijX
誄	lwijX
肋	lok
淚	lwijH
類	lwijH
率	lwijH
儽	lwojH
犁	lej
黎	lej
黎	lej
狸	li
釐	li
貍	li
狸	li
棃	lij
犁	lij
離	lje
離	lje
罹	lje
纚	lje
秜	nrij
豊	lejX
禮	lejX
里	liX
李	liX
理	liX
理	liX
裏	liX
鯉	liX
轢	lak
糲	lat
麗	lejH
戾	lejH
荔	lejH
隸	lejH
歷	lek
曆	lek
轢	lek
櫟	lek
礫	lek
䟏	lek
䰜	lek
𩰲	lek
鬲	lek
吏	liH
利	lijH
力	lik
立	lip
笠	lip
粒	lip
栗	lit
詈	ljeH
離	ljeH
厲	ljejH
厲	ljejH
厲	ljejH
礪	ljejH
糲	ljejH
蠣	ljejH
䟏	syak
蓮	len
憐	len
廉	ljem
蘞	ljem
廉	ljem
磏	ljem
鎌	ljem
簾	ljem
連	ljen
連	ljen
漣	ljen
斂	ljemX
練	lenH
鍊	lenH
斂	ljemH
僆	ljenH
孌	ljwenX
戀	ljwenH
涼	ljang
良	ljang
量	ljang
糧	ljang
粱	ljang
梁	ljang
兩	ljangX
量	ljangH
亮	ljangH
諒	ljangH
僚	lew
聊	lew
料	lewH
尞	ljewH
獵	ljep
躐	ljep
冽	ljet
列	ljet
烈	ljet
裂	ljet
臨	lim
林	lim
淋	lim
鄰	lin
鱗	lin
粦	lin
凜	limX
稟	limX
廩	limX
廩	limX
吝	linH
靈	leng
令	leng
零	leng
夌	ling
陵	ling
凌	ling
凌	ling
令	ljeng
領	ljengX
令	ljengH
鏐	ljiw
留	ljuw
鏐	ljuw
摎	ljuw
旒	ljuw
劉	ljuw
流	ljuw
柳	ljuwX
翏	ljuwH
六	ljuwk
龍	ljowng
隆	ljuwng
隆	ljuwng
聾	luwng
籠	luwng
隴	ljowngX
籠	luwngX
婁	lju
漏	luwH
鏤	luwH
陋	luwH
廬	ljo
蘆	lu
𧆨	lu
爐	lu
鑪	lu
虜	luX
魯	luX
櫓	luX
鹵	luX
鹵	luX
魯	luX
菉	ljowk
錄	ljowk
戮	ljuwk
陸	ljuwk
路	luH
賂	luH
露	luH
盝	luwk
琭	luwk
睩	luwk
祿	luwk
㯟	luwk
鹿	luwk
彔	luwk
欒	lwan
鑾	lwan
欒	lwan
鸞	lwan
䜌	lwan
孿	srjwenH
孿	srwaenH
卵	lwaX
卵	lwanX
𤔔	lwanH
亂	lwanH
論	lwin
倫	lwin
輪	lwin
綸	lwin
論	lwon
論	lwonH
捋	lwat
籮	la
羅	la
腡	lwa
螺	lwa
倮	lwaX
裸	lwaX
蠃	lwaX
臝	lwaX
駱	lak
落	lak
濼	lowk
藘	ljo
履	lijX
儢	ljoX
呂	ljoX
旅	ljoX
縷	ljuX
屢	ljuH
慮	ljoH
綠	ljowk
率	lwit
律	lwit
律	lwit
略	ljak
麻	mae
馬	maeX
罵	maeH
埋	meaj
薶	meaj
霾	meaj
買	meaX
邁	maejH
賣	meaH
脈	meak
脉	meak
麥	meak
蠻	maen
瞞	man
滿	manX
慢	maenH
曼	manH
幔	manH
漫	manH
曼	mjonH
盲	maeng
龍	maewng
尨	maewng
哤	maewng
駹	maewng
厖	maewng
芒	mang
忙	mang
鋩	mjang
貓	maew
茅	maew
毛	maw
旄	maw
矛	mjuw
卯	maewX
茆	maewX
昴	maewX
貌	maewH
瞀	maewk
芼	mawH
帽	mawH
冒	mawH
冒	mawH
媢	mawH
貿	muwH
眉	mij
梅	mwoj
媒	mwoj
煤	mwoj
枚	mwoj
美	mijX
浼	mwojX
浼	mwojX
每	mwojX
袂	kwet
𩎟	meajH
魅	mijH
媚	mijH
袂	mjiejH
寐	mjijH
妹	mwojH
昧	mwojH
捫	mwon
璊	mwon
穈	mwon
汶	mwon
門	mwon
亹	mwon
懣	manX
䖟	maeng
氓	meang
盟	mjaeng
蒙	muwng
黽	meangX
孟	maengH
夢	mjuwngH
麛	mej
迷	mej
麋	mij
糜	mje
靡	mje
彌	mjie
瀰	mjie
冞	mjie
𦊮	mjie
彌	mjieX
米	mejX
瀰	mejX
靡	mjeX
靡	mjeX
靡	mjeX
靡	mjeX
弭	mjieX
瀰	mjieX
敉	mjieX
汨	mek
冪	mek
幦	mek
簚	mek
密	mit
𥁑	mjit
謐	mjit
蜜	mjit
眠	men
宀	mjien
眄	menX
俛	mjenX
免	mjenX
勉	mjenX
冕	mjenX
沔	mjienX
湎	mjienX
面	mjienH
苗	mjew
邈	maewk
眇	mjiewX
杪	mjiewX
渺	mjiewX
廟	mjewH
妙	mjiewH
幭	met
蔑	met
滅	mjiet
緡	min
緡	min
珉	min
旻	min
民	mjin
閩	min
閔	minX
憫	minX
敏	minX
皿	mjaengX
泯	mjin
銘	meng
鄍	meng
冥	meng
鳴	mjaeng
明	mjaeng
名	mjieng
命	mjaengH
謬	mjiwH
磨	ma
謨	mu
模	mu
塺	maH
磨	maH
陌	maek
貉	maek
莫	mak
莫	mak
末	mat
沫	mat
墨	mok
𠬛	mwot
沒	mwot
歿	mwot
歾	mwot
謀	mjuw
某	muwX
譕	mju
牡	muwX
母	muwX
姆	muwX
畮	muwX
畝	muwX
幕	mak
目	mjuwk
穆	mjuwk
𡍬	mjuwk
睦	mjuwk
牧	mjuwk
慕	muH
墓	muH
募	muH
木	muwk
拏	nrae
挐	nrae
內	nop
納	nop
乃	nojX
廼	nojX
迺	nojX
乃	nojX
奈	najH
耐	nojH
難	nan
男	nom
南	nom
戁	nraenX
難	nanH
囊	nang
曩	nangX
夒	naw
猱	naw
獶	naw
鐃	nraew
撓	nraewX
撓	nraewX
橈	nraewH
腦	nawX
眲	nreak
訥	nwot
吶	nywet
餒	nwojX
內	nwojH
能	noj
能	nong
能	nong
麑	mej
泥	nej
臡	nej
尼	nejX
泥	nejH
尼	nejH
倪	ngej
尼	nrij
怩	nrij
擬	ngiX
柅	nrijX
柅	nrijH
溺	nek
屰	ngjaek
逆	ngjaek
膩	nrijH
匿	nrik
䵒	nrit
䵑	nrit
昵	nrit
暱	nrit
年	nen
輦	ljenX
蹍	nrjenX
念	nemH
鳥	tewX
尿	newH
溺	newH
齧	nget
闑	nget
槷	nget
孼	ngjet
櫱	ngjet
闑	ngjet
踂	nrjep
聶	nrjep
躡	nrjep
甯	neng
寧	neng
凝	nging
甯	nengH
佞	nengH
牛	ngjuw
狃	nrjuwX
紐	nrjuwX
膿	nowng
農	nowng
濃	nrjowng
弄	luwngH
槈	nuwH
耨	nuwH
奴	nu
弩	nuX
怒	nuX
怒	nuH
儺	na
儺	na
那	na
儺	naX
諾	nak
女	nrjoX
籹	nrjoX
女	nrjoH
虐	ngjak
區	'uw
嘔	'uwX
藕	nguwX
偶	nguwX
耦	nguwX
爬	bae
耙	bae
拍	phaek
簰	bea
排	beaj
扳	paen
攀	phaen
蟠	ba
盤	ban
蟠	ban
畔	banH
判	phanH
龐	baewng
彷	bang
旁	bang
傍	bang
徬	bang
蒡	bang
雱	phang
摽	phaew
匏	baew
袍	baw
𧳏	bij
茷	bajH
佩	bwojH
肺	phajH
配	phwojH
轡	pijH
盆	bwon
亨	phaeng
烹	phaeng
彭	baeng
朋	bong
篷	buwng
芃	buwng
逢	buwng
邳	bij
丕	phij
被	phje
披	phje
鼙	bej
疲	bje
罷	bje
皮	bje
脾	bjie
毗	bjij
貔	bjij
羆	pje
擗	bjiek
諀	phjieX
匹	phjit
甓	bek
淠	phejH
被	phjeH
譬	phjieH
僻	phjiek
偏	phjien
篇	phjien
翩	phjien
蹁	ben
便	bjien
平	bjien
諞	bjien
片	phenH
騙	phjienH
摽	phew
瓢	bjiew
薸	bjiew
票	phjiew
貧	bin
頻	bjin
頻	bjin
品	phimX
牝	bjijX
牝	bjinX
娉	phjiengH
聘	pjiengH
甹	pheng
屏	beng
缾	beng
瓶	beng
苹	beng
馮	bing
馮	bing
憑	bing
平	bjaeng
平	bjaeng
馮	bjuwng
頗	pha
婆	ba
鄱	ba
皤	ba
迫	paek
破	phaH
霸	phaek
魄	phaek
膊	phak
剖	phuwX
痡	phju
仆	phjuH
仆	phjuwH
痡	phu
鋪	phu
仆	phuwH
撲	phuwk
匍	bu
蒲	bu
僕	buwk
濮	puwk
樸	phaewk
浦	phuX
暴	buwk
曝	buwk
期	gi
欺	khi
棲	sej
栖	sej
妻	tshej
萋	tshej
慼	tshek
戚	tshek
戚	tshek
戚	tshek
戚	tshek
鏚	tshek
緝	tship
七	tshit
桼	tshit
漆	tshit
懠	dzej
臍	dzej
齊	dzej
齊	dzej
懠	dzejH
棋	gi
旗	gi
綦	gi
綦	gi
騏	gi
丌	gi
其	gi
其	gi
綦	giH
耆	gij
鰭	gij
祁	gij
祁	gij
蟣	gj+j
祈	gj+j
旂	gj+j
蘄	gj+j
騎	gje
錡	gje
奇	gje
騎	gjeH
歧	gjie
祇	gjie
稽	khejX
䭫	khejX
启	khejX
起	khiX
豈	khj+jX
乞	khj+t
綺	khjeX
企	khjieX
企	khjieH
契	khejH
亟	khiH
器	khijH
湆	khip
泣	khip
气	khj+jH
氣	khj+jH
憩	khjejH
愒	khjet
棄	khjijH
弃	khjijH
妻	tshejH
訖	xj+jH
洽	heap
㓞	kheat
幵	ken
謙	khem
牽	khen
愆	khjen
褰	khjen
阡	tshen
千	tshen
僉	tshjem
譣	tshjem
𠨧	tshjen
遷	tshjen
餰	tsyen
前	dzen
潛	dzjem
潛	dzjem
潛	dzjemH
錢	dzjen
鉗	gjem
黔	gjem
乾	gjen
虔	gjen
燂	zjem
遣	khjienX
譣	tshjemX
淺	tshjenX
歉	kheamH
遣	khjienH
欠	khjomH
塹	tshjemH
羌	khjang
彊	gjang
强	gjang
强	gjangX
蹻	gjak
磽	khaew
骹	khaew
喬	gjew
蕎	gjew
橋	gjew
翹	gjiew
翹	gjiew
巧	khaewX
竅	khewH
且	tshjaeX
匧	khep
契	khet
契	khet
鍥	khet
竊	tshet
切	tshet
妾	tshjep
衾	khim
侵	tshim
駸	tshim
親	tshin
駸	tsrhim
鬵	dzim
秦	dzin
擒	gim
禽	gim
禽	gim
琴	gim
堇	gin
矜	gin
芹	gj+n
勤	gj+n
懃	gj+n
鬵	zim
螼	khinX
螼	khinH
寢	tshimX
衿	gimH
卿	khjaeng
輕	khjieng
傾	khjwieng
青	tsheng
清	tshjeng
晴	dzjeng
情	dzjeng
請	dzjeng
謦	khengX
頃	khjwiengX
請	tshjengX
殸	khengH
磬	khengH
𥥻	khengH
罄	khengH
慶	khjaengH
凊	tshjengH
窮	gjuwng
窮	gjuwng
瞏	gjwieng
丘	khjuw
蚯	khjuw
緧	tshjuw
秋	tshjuw
蝤	dzjuw
酋	dzjuw
球	gjuw
仇	gjuw
求	gjuw
裘	gjuw
逑	gjuw
遒	tsjuw
泅	zjuw
囚	zjuw
胠	khjaep
曲	khjowk
驅	khju
屈	khjut
屈	khjut
岨	tshjo
趨	tsrhju
渠	gjo
劬	gju
絇	gju
瞿	gju
䀠	kjuH
取	tshjuX
去	khjoX
去	khjoH
闃	khwek
取	tshjuH
娶	tshjuH
趣	tshjuH
全	dzjwen
泉	dzjwen
拳	gjwen
權	gjwen
卷	gjwen
鬈	gjwen
犬	khwenX
勸	khjwonH
缺	khwet
確	khaewk
殼	khaewk
卻	khjak
却	khjak
闕	khjwot
闋	khwet
鵲	tshjak
雀	tsjak
囷	khwin
夋	tshwin
裙	gjun
群	gjun
羣	gjun
髯	nyem
㸐	nyen
燃	nyen
然	nyen
染	nyemX
熯	nyenX
攘	nyang
攘	nyang
壤	nyangX
攘	nyangX
讓	nyangH
襓	nyew
饒	nyew
橈	nyew
繞	nyewX
繞	nyewH
熱	nyet
壬	nyim
人	nyin
仁	nyin
荏	nyimX
稔	nyimX
忍	nyinX
忍	nyinX
紝	nrim
紝	nyim
衽	nyimX
飪	nyimX
恁	nyimX
任	nyimH
衽	nyimH
刃	nyinH
認	nyinH
軔	nyinH
仍	nying
日	nyit
衵	nyit
榮	hjwaeng
榮	hjwaeng
嶸	hjwaeng
嶸	hweang
戎	nyuwng
戎	nyuwng
茙	nyuwng
㝐	yowng
容	yowng
容	yowng
頌	yowng
融	yuwng
肜	yuwng
彡	yuwng
䑣	yuwng
柔	nyuw
肉	nyuwk
如	nyo
如	nyo
洳	nyo
茹	nyoX
茹	nyoH
茹	nyoH
濡	nyu
襦	nyu
汝	nyoX
辱	nyowk
乳	nyuX
入	nyip
洳	nyoH
縟	nyowk
蓐	nyowk
孺	nyuH
緌	nywij
瑞	dzyweH
鋭	ywejH
閏	nywinH
若	nyak
若	nyak
弱	nyak
爇	nywet
焫	nywet
洒	sreaX
灑	sreaX
纚	sreaX
灑	sreaH
曬	sreaH
灑	srjeH
摋	sat
塞	sojH
塞	sojH
參	sam
三	sam
三	samH
散	sanX
傘	sanX
散	sanH
桑	sang
喪	sang
顙	sangX
喪	sangH
臊	saw
鱢	saw
騷	saw
搔	saw
燥	sawH
塞	sok
嗇	srik
穡	srik
色	srik
瑟	srit
森	srim
槮	tsrhim
沙	srae
殺	sreat
翣	sraep
歃	sreap
歃	srjep
釃	srje
殺	sreajH
芟	sraem
髟	sraem
潸	sraen
潸	srean
山	srean
苫	syem
羶	syen
羴	syen
膻	syen
贍	dzyemH
墠	dzyenX
壇	dzyenX
善	dzyenX
擅	dzyenH
禪	dzyenH
繕	dzyenH
苫	syemH
扇	syenH
湯	syang
愓	syang
傷	syang
觴	syang
商	syang
商	syang
商	syang
曏	syangX
賞	syangX
上	dzyangX
上	dzyangX
尚	dzyangH
尚	dzyangH
上	dzyangH
餉	syangH
曏	syangH
捎	sew
筲	sraew
燒	syew
勺	dzyak
杓	dzyak
少	syewX
召	dzyewX
邵	dzyewH
稍	sraewH
削	sraewH
少	syewH
賖	syae
賒	syae
奢	syae
折	dzyet
蛇	zyae
舌	zyet
舍	syaeX
捨	syaeX
社	dzyaeX
舍	syaeH
赦	syaeH
攝	syep
韘	syep
設	syet
射	zyaeH
射	zyek
參	srim
兟	srin
莘	srin
詵	srin
深	syim
深	syimH
紳	syin
申	syin
伸	syin
呻	syin
身	syin
娠	syin
娠	tsyinH
神	zyin
沈	syimX
諗	syimX
審	syimX
哂	syinX
瀋	tsyhimX
甚	dzyimX
甚	dzyimH
腎	dzyinX
蜃	dzyinX
慎	dzyinH
罧	srimH
葚	zyimX
甥	sraeng
生	sraeng
生	sraeng
生	srjaeng
勝	sying
升	sying
升	sying
陞	sying
聲	syeng
繩	zying
盛	dzyengH
勝	syingH
聖	syengH
剩	zyingH
乘	zyingH
乘	zyingH
師	srij
師	srij
蝨	srit
詩	syi
尸	syij
屍	syij
蓍	syij
濕	syip
溼	syip
失	syit
施	sye
時	dzyi
拾	dzyip
十	dzyip
什	dzyip
石	dzyek
識	syik
食	zyik
蝕	zyik
實	zyit
史	sriX
使	sriX
使	sriH
始	syiX
𦳊	syijX
屎	syijX
矢	syijX
豕	syeX
士	dzriX
仕	dzriX
事	dzriH
柿	dzrijX
市	dzyiX
恃	dzyiX
侍	dzyiH
視	dzyijX
嗜	dzyijH
視	dzyijH
是	dzyeX
氏	dzyeX
誓	dzyejH
筮	dzyejH
逝	dzyejH
噬	dzyejH
奭	syek
試	syiH
弒	syiH
式	syik
式	syik
拭	syik
飾	syik
室	syit
貰	syejH
世	syejH
埶	syejH
勢	syejH
螫	syek
襫	syek
𥼶	syek
釋	syek
檡	syek
適	syek
適	syek
戠	tsyik
適	tsyek
奭	xik
示	zyijH
舓	zyeX
舐	zyeX
收	syuw
首	syuwX
手	syuwX
守	syuwX
首	syuwH
壽	dzyuwX
受	dzyuwX
壽	dzyuwH
授	dzyuwH
瘦	srjuwH
守	syuwH
狩	syuwH
獸	syuwH
樞	'uw
殊	dzyu
殳	dzyu
淑	dzyuwk
倏	dzyuwk
梳	srjo
疋	srjo
疏	srjo
疎	srjo
蔬	srjo
紓	syo
舒	syo
書	syo
輸	syu
菽	syuwk
叔	syuwk
叔	syuwk
尗	syuwk
攄	trhjo
樞	tsyhu
抒	zyoX
紓	zyoX
孰	dzyuwk
熟	dzyuwk
贖	zyowk
秫	zywit
署	dzyoH
屬	dzyowk
蜀	dzyowk
數	srjuX
鼠	syoX
癙	syoX
暑	syoX
黍	syoX
豎	dzyuX
樹	dzyuX
尌	dzyuH
樹	dzyuH
數	srjuH
漱	srjuwH
恕	syoH
庶	syoH
束	syowk
戍	syuH
術	zywit
述	zywit
鉥	zywit
刷	srjwet
刷	srwaet
衰	srwij
率	srwijH
帥	srwijH
率	srwit
蟀	srwit
雙	sraewng
霜	srjang
誰	dzywij
水	sywijX
睡	dzyweH
帨	sywejH
税	sywejH
説	sywejH
帨	tshjwejH
楯	zywinX
舜	sywinH
順	zywinH
説	sywet
碩	dzyek
數	sraewk
朔	sraewk
爍	syak
爍	syak
鑠	syak
嘶	sej
思	si
絲	si
司	si
私	sij
斯	sje
斯	sje
虒	sje
𩆵	sje
斯	sje
死	sijX
肆	sijH
四	sijH
駟	sijH
巳	ziX
祀	ziX
禩	ziX
耜	ziX
似	ziX
寺	ziH
食	ziH
飤	ziH
飼	ziH
嗣	ziH
兕	zijX
俟	zriX
俟	zriX
嵩	sjuwng
崧	sjuwng
松	zjowng
宋	sowngH
送	suwngH
頌	zjowngH
訟	zjowngH
誦	zjowngH
搜	srjuw
叟	suwX
叜	suwX
傁	suwX
嗽	suwH
蘇	su
穌	su
俗	zjowk
粟	sjowk
宿	sjuwk
夙	sjuwk
肅	sjuwk
肅	sjuwk
肅	sjuwk
肅	sjuwk
肅	sjuwk
素	suH
愬	suH
𧪜	suH
遡	suH
㴑	suH
泝	suH
訴	suH
速	suwk
速	suwk
酸	swan
蒜	swanH
算	swanH
祘	swanH
雖	swij
隋	dwaX
隋	dwaX
綏	swij
隋	zjwe
隨	zjwe
髓	sjweX
瀡	sjweH
誶	dzwit
隋	sjweH
歲	sjwejH
祟	swijH
誶	swijH
碎	swojH
𥝩	zwijH
穟	zwijH
穗	zwijH
遂	zwijH
隧	zwijH
檖	zwijH
孫	swon
飧	swon
隼	swinX
筍	swinX
損	swonX
娑	sa
縮	srjuwk
蓑	swa
索	sak
索	sak
所	srjoX
鎖	swaX
瑣	swaX
瑣	swaX
鏁	swaX
所	xuX
它	tha
他	tha
獺	that
獺	trhaet
蹋	dap
沓	dop
眔	dop
遝	dop
𦍒	that
胎	thoj
臺	doj
泰	thajH
太	thajH
態	thojH
歎	than
灘	than
嘽	than
嘽	than
嘽	than
探	thom
貪	thom
談	dam
彈	dan
壇	dan
彈	dan
覃	dom
潭	dom
坦	thanX
醓	thomX
炭	thanH
嘆	thanH
湯	thang
唐	thang
湯	thang
康	thang
鏜	thang
糖	dang
餳	dang
唐	dang
棠	dang
唐	dang
堂	dang
塘	dang
儻	thangX
攩	thangX
饕	thaw
滔	thaw
桃	daw
鞀	daw
匋	daw
逃	daw
討	thawX
犆	dok
特	dok
忒	thok
慝	thok
縢	dong
騰	dong
睇	thej
梯	thej
剔	thek
嗁	dej
啼	dej
提	dej
荑	dej
體	thejX
嚏	tejH
涕	thejX
洟	thejH
涕	thejH
剔	thejH
薙	thejH
替	thejH
惕	thek
添	them
天	then
吞	then
填	den
田	den
畋	den
殄	denX
舔	themX
忝	themX
忝	themH
腆	thenX
挑	thew
調	dew
條	dew
條	dew
窕	dewX
挑	dewX
跳	dew
眺	thewH
貼	thep
怗	thep
鐵	thet
餮	thet
聽	theng
汀	theng
停	deng
廷	deng
亭	deng
𡈼	thengX
挺	thengX
町	thengX
聽	thengH
通	thuwng
彤	downg
童	duwng
銅	duwng
同	duwng
筒	duwng
桶	thuwngX
慟	duwngH
痛	thuwngH
偷	thuw
投	duw
頭	duw
突	dwot
禿	thuwk
突	thwot
屠	du
瘏	du
徒	du
圖	du
涂	du
途	du
塗	du
塗	du
腯	dwot
稌	thu
土	thuX
吐	thuX
兔	thuH
吐	thuH
湍	thwan
團	dwan
摶	dwan
畽	thwanX
彖	thwanH
推	thwoj
隤	dwoj
蜕	thwajH
退	thwojH
吞	thon
焞	thwoj
焞	thwon
焞	thwon
屯	dwon
𡱂	dwon
豚	dwon
𢄉	dwon
脱	dwajH
脱	dwat
佗	tha
拖	tha
託	thak
捝	thwat
脱	thwat
驒	da
鼉	da
紽	da
沱	da
鼉	dan
驒	ten
橐	thak
隋	thwaX
橢	thwaX
妥	thwaX
汙	'wae
污	'wae
鼃	'wae
鼃	'wea
蛙	'wea
鼃	hwae
鼃	hwea
瓦	ngwaeX
韈	mjot
咼	kwaeX
外	ngwajH
芄	hwan
丸	hwan
完	hwan
丸	hwan
婉	'jwonX
夗	'jwonX
宛	'jwonX
晚	mjonX
蔓	mjonH
萬	mjonH
玩	ngwanH
翫	ngwanH
汪	'wang
尪	'wang
王	hjwang
亡	mjang
忘	mjang
枉	'jwangX
往	hjwangX
罔	mjangX
網	mjangX
惘	mjangX
网	mjangX
迋	hjwangX
王	hjwangH
迋	hjwangH
望	mjang
妄	mjangH
忘	mjangH
望	mjangH
威	'jw+j
委	'jwe
崴	'weaj
隈	'woj
微	mj+j
巍	ngjw+j
危	ngjwe
韋	hjw+j
韋	hjw+j
違	hjw+j
圍	hjw+j
為	hjwe
帷	hwij
魏	ngjw+j
嵬	ngwoj
嵬	ngwojX
壝	ywij
唯	ywij
惟	ywij
維	ywij
委	'jweX
委	'jweX
委	'jweX
骫	'jweX
煒	hjw+jX
韡	hjw+jX
洧	hwijX
鮪	hwijX
尾	mj+jX
亹	mj+jX
偽	ngjweH
偽	ngjweH
諉	nrjweH
畏	'jw+jH
㷉	'jw+jH
慰	'jw+jH
蔚	'jw+jH
胃	hjw+jH
謂	hjw+jH
蝟	hjw+jH
為	hjweH
衛	hjwejH
位	hwijH
未	mj+jH
未	mj+jH
味	mj+jH
魏	ngjw+jH
遺	ywijH
𥁕	'won
温	'won
蚉	mjun
蚊	mjun
聞	mjun
文	mjun
眼	ngonX
問	mjunH
翁	'uwng
瓮	'uwngH
甕	'uwngH
蝸	kwae
我	ngaX
渥	'aewk
擭	'waek
臥	ngwaH
烏	'u
於	'u
洿	'u
圩	'u
烏	'u
烏	'u
屋	'uwk
巫	mju
誣	mju
蕪	mju
無	mju
無	mju
无	mju
無	mju
毋	mju
吳	ngu
吾	ngu
舞	mjuX
儛	mjuX
武	mjuX
侮	mjuX
五	nguX
伍	nguX
午	nguX
午	nguX
惡	'uH
霧	mjuH
務	mjuH
物	mjut
勿	mjut
勿	mjut
戊	muwH
誤	nguH
悟	nguH
寤	nguH
晤	nguH
啎	nguH
遻	nguH
兀	ngwot
奚	hej
奚	hej
蹊	hej
兮	hej
溪	khej
谿	khej
屖	sej
西	sej
西	sej
犀	sej
析	sek
晳	sek
錫	sek
錫	sek
息	sik
息	sik
熄	sik
悉	sit
膝	sit
昔	sjek
惜	sjek
蟋	srit
熹	xi
熙	xi
噏	xip
歙	xip
吸	xip
希	xj+j
豨	xj+j
犧	xje
羲	xje
䖒	xje
屎	xjij
觿	xjwie
夕	zjek
騱	hej
隰	zip
習	zip
襲	zip
襲	zip
席	zjek
洗	sejX
洒	sejX
枲	siX
徙	sjeX
璽	sjeX
灑	srjeX
纚	srjeX
喜	xiX
狶	xj+jX
豨	xj+jX
系	hejH
繫	hejH
係	kejH
綌	khjaek
郤	khjaek
𡭴	khjaek
隙	khjaek
細	sejH
潟	sjek
舄	sjek
舄	tshjak
鬩	xek
塈	xijH
塈	xijH
塈	xijH
翕	xip
翕	xip
塈	xj+jH
餼	xj+jH
塈	xj+jH
氣	xj+jH
虩	xjaek
戲	xjeH
蝦	hae
瑕	hae
遐	hae
騢	hae
匣	haep
柙	haep
狎	haep
舝	haet
轄	haet
峽	heap
狹	heap
黠	heat
廈	haeX
厦	haeX
夏	haeX
下	haeX
暇	haeH
芐	haeH
夏	haeH
下	haeH
嚇	xaeH
蹮	sen
先	sen
譣	sjem
鮮	sjen
仙	sjen
僊	sjen
鮮	sjen
天	xen
銜	haem
鹹	heam
咸	heam
間	hean
閑	hean
閑	hean
閑	hean
閑	hean
瞷	hean
嫌	hem
賢	hen
弦	hen
㳄	zjen
㳄	zjen
姺	sejX
洗	senX
鮮	sjenX
𤣔	sjenX
獮	sjenX
顯	xenX
險	xjaemX
險	xjemX
臽	heamH
陷	heamH
限	heanX
俔	henX
見	henH
現	henH
見	henH
縣	hwenH
獻	sa
霰	senH
𩆵	senH
先	senH
憲	xjonH
獻	xjonH
羨	zjenH
羨	zjenH
箱	sjang
相	sjang
襄	sjang
襄	sjang
纕	sjang
膷	xjang
皀	xjang
鄉	xjang
薌	xjang
香	xjang
夅	haewng
降	haewng
庠	zjang
翔	zjang
詳	zjang
祥	zjang
想	sjangX
饟	syang
饟	syangX
饟	syangH
享	xaeng
享	xjangX
亨	xjangX
曏	xjangX
鄉	xjangX
饗	xjangX
響	xjangX
項	haewngX
巷	haewngH
相	sjangH
向	xjangH
曏	xjangH
鄉	xjangH
嚮	xjangH
橡	zjangX
象	zjangX
像	zjangX
鴞	hjew
簫	sew
蕭	sew
蕭	sew
削	sjak
肖	sjew
宵	sjew
消	sjew
逍	sjew
霄	sjew
小	sjewX
曉	xewX
效	haewH
斆	haewH
嘯	sewH
笑	sjewH
肖	sjewH
削	sjewH
孝	xaewH
楔	set
歇	xjot
鞵	hea
鞋	hea
劦	hep
協	hep
挾	hep
擷	het
偕	keaj
挾	tsep
脅	xjaep
邪	zjae
寫	sjaeX
寫	sjaeX
瀉	sjaeX
解	heaX
解	heaX
蟹	heaX
邂	heaH
械	heajH
屧	sep
燮	sep
屑	set
卸	sjaeH
絏	sjet
泄	sjet
褻	sjet
泄	yejH
謝	zjaeH
心	sim
辛	sin
薪	sin
新	sin
辛	sin
馨	xeng
歆	xim
昕	xj+n
欣	xj+n
罧	simX
囟	sinH
信	sinH
釁	xinH
衅	xinH
星	seng
興	xing
行	haeng
行	haengH
邢	heng
陘	heng
刑	heng
刑	heng
形	heng
硎	heng
醒	sengX
省	sjengX
杏	haengX
荇	haengX
幸	heangX
姓	sjengH
性	sjengH
凶	xjowng
訩	xjowng
兄	xjwaeng
熊	hjuwng
雄	hjuwng
修	sjuw
脩	sjuw
羞	sjuw
休	xjuw
休	xjuw
鵂	xjuw
朽	xjuwX
秀	sjuwH
繡	sjuwH
宿	sjuwH
嗅	xjuwH
袖	zjuwH
虛	khjo
墟	khjo
須	sju
鬚	sju
須	sju
需	sju
戌	swit
虛	xjo
吁	xju
訏	xju
邪	zjo
徐	zjo
湑	sjoX
許	xjoX
許	xjoX
壻	sejH
絮	sjoH
恤	swit
訹	swit
蓄	trhjuwk
頊	xjowk
畜	xjuwH
畜	xjuwk
蓄	xjuwk
稸	xjuwk
慉	xjuwk
侐	xjwijH
淢	xwik
洫	xwik
侐	xwik
序	zjoX
緒	zjoX
敘	zjoX
續	zjowk
藚	zjowk
亘	sjwen
宣	sjwen
亘	sjwen
軒	xjon
儇	xjwien
翾	xjwien
塤	xjwon
諼	xjwon
吅	xjwon
諠	xjwon
駽	xwen
誸	hen
懸	hwen
縣	hwen
玄	hwen
㘣	zjwen
旋	zjwen
還	zjwen
癬	sjenX
選	sjwenX
選	sjwenX
喧	xjwon
咺	xjwonX
晅	xjwonX
烜	xjwonX
鞙	hwenX
選	sjwenH
駽	xwenH
絢	xwenH
旋	zjwenH
辥	sjet
薛	sjet
薛	sjet
鷽	'aewk
學	haewk
鷽	haewk
穴	hwet
雪	sjwet
謔	xjak
烕	xjwiet
血	xwet
葷	xjun
熏	xjun
薰	xjun
薰	xjun
壎	xjwon
燂	dom
荀	swin
爓	zim
尋	zim
尋	zim
巡	zwin
旬	zwin
紃	zwin
馴	zwin
循	zwin
訊	sinH
濬	swinH
訓	xjunH
徇	zwinH
殉	zwinH
鴉	'ae
壓	'aep
押	'aep
厭	'jiep
牙	ngae
芽	ngae
厓	ngea
崖	ngea
涯	ngea
邪	yae
啞	'aeX
雅	ngaeX
雅	ngaeX
庌	ngaeX
亞	'aeH
軋	'eat
揠	'eat
迓	ngaeH
襾	xaeX
殷	'ean
烟	'en
煙	'en
咽	'en
淹	'jem
鄢	'jen
焉	'jen
猒	'jiem
厭	'jiem
鄢	'jon
鄢	'jonX
焉	hjen
炎	hjem
巖	ngaem
顏	ngaen
顏	ngaen
妍	ngen
研	ngen
硏	ngenH
嚴	ngjaem
言	ngjon
言	ngjon
言	ngjon
言	ngjon
檐	yem
壛	yem
阽	yem
檐	yem
閻	yem
鹽	yem
羨	yen
延	yen
筵	yen
沿	ywen
奄	'jemX
㫃	'jonX
偃	'jonX
偃	'jonX
眼	ngeanX
儼	ngjaemX
巘	ngjenX
甗	ngjenH
甗	ngjon
巘	ngjonX
剡	yemX
覃	yemX
衍	yenX
演	yenX
晏	'aenH
鴳	'aenH
晏	'enH
燕	'enH
燕	'enH
宴	'enH
咽	'enH
饜	'jemH
猒	'jiemH
鴈	ngaenH
雁	ngaenH
硯	ngenH
驗	ngjemH
讞	ngjenH
諺	ngjenH
彥	ngjenH
讞	ngjet
鬳	ngjonH
爓	yemH
鹽	yemH
央	'jang
央	'jang
殃	'jang
鴦	'jang
瘍	yang
痒	yang
昜	yang
陽	yang
揚	yang
颺	yang
楊	yang
鍚	yang
洋	yang
羊	yang
痒	zjang
仰	ngjangX
癢	yangX
養	yangX
養	yangX
羕	yangH
幺	'ew
夭	'jew
腰	'jiew
爻	haew
爻	haew
肴	haew
堯	ngew
䍃	yew
窰	yew
傜	yew
徭	yew
媱	yew
搖	yew
謠	yew
窈	'ewX
葯	'aewk
要	'jiewH
約	'jiewH
樂	ngaewH
藥	yak
曜	yewH
燿	yewH
耀	yewH
噎	'et
邪	yae
也	yaeX
野	yaeX
𡐨	yaeX
埜	yaeX
謁	'jot
燁	hip
爗	hip
燁	hjep
爗	hjep
業	ngjaep
業	ngjaep
業	ngjaep
夜	yaeH
掖	yek
腋	yek
液	yek
葉	yep
枼	yep
抴	yet
鷖	'ej
衣	'j+j
依	'j+j
吚	'jij
咿	'jij
伊	'jij
揖	'jip
一	'jit
壹	'jit
疑	ngi
沂	ngj+j
儀	ngje
宜	ngje
宜	ngje
𦣞	yi
頤	yi
台	yi
怡	yi
詒	yi
貽	yi
彝	yij
夷	yij
夷	yij
移	ye
迻	ye
蛇	ye
匜	ye
遺	ywij
鈶	ziX
乙	'it
偯	'j+jX
椅	'jeX
倚	'jeX
矣	hiX
螘	ngj+jX
蛾	ngjeX
蟻	ngjeX
螘	ngjeX
錡	ngjeX
㠯	yiX
以	yiX
苡	yiX
已	yiX
胣	yeX
縊	'ejH
意	'iH
懿	'ijH
㦤	'ijH
饐	'ijH
抑	'ik
抑	'ik
億	'ik
憶	'ik
臆	'ik
邑	'ip
浥	'ip
衣	'j+jH
瘞	'jejH
縊	'jieH
益	'jiek
嗌	'jiek
膉	'jiek
挹	'jip
挹	'jip
挹	'jip
唈	'op
羿	ngejH
詣	ngejH
鷁	ngek
劓	ngijH
豙	ngj+jH
毅	ngj+jH
藙	ngj+jH
仡	ngj+t
義	ngjeH
議	ngjeH
㓷	ngjejH
埶	ngjiejH
蓺	ngjiejH
藝	ngjiejH
乂	ngjojH
乂	ngjojH
刈	ngjojH
異	yiH
异	yiH
弋	yik
翊	yik
翌	yik
翌	yik
翼	yik
溢	yit
佾	yit
逸	yit
鎰	yit
易	yeH
勩	yejH
裔	yejH
亦	yek
奕	yek
弈	yek
譯	yek
驛	yek
易	yek
蜴	yek
亦	yek
役	ywek
疫	ywek
音	'im
陰	'im
駰	'in
殷	'j+n
殷	'j+n
慇	'j+n
殷	'j+n
愔	'jim
垔	'jin
陻	'jin
禋	'jin
因	'jin
吟	ngim
誾	ngin
銀	ngin
垠	ngj+n
圻	ngj+n
寅	yij
淫	yim
㸒	yim
夤	yin
寅	yin
飲	'imX
隱	'j+nX
隱	'j+nX
蚓	yinX
螾	yinX
引	yinX
朄	yinH
引	yinH
尹	ywinX
蔭	'imH
飲	'imH
隱	'j+nH
印	'jinH
胤	yinH
罌	'eang
罃	'eang
鷹	'ing
應	'ing
膺	'ing
英	'jaeng
嬰	'jieng
嬰	'jieng
纓	'jieng
纓	'jieng
熒	hweng
螢	hweng
迎	ngjaeng
蠅	ying
贏	yeng
盈	yeng
楹	yeng
營	yweng
影	'jaengX
郢	yengX
穎	ywengX
迎	ngjaengH
邕	'jowng
癰	'jowng
庸	yowng
傭	yowng
永	hjwaengX
泳	hjwaengH
咏	hjwaengH
詠	hjwaengH
俑	yowngX
勇	yowngX
踊	yowngX
用	yowngH
幽	'jiw
憂	'juw
優	'juw
攸	yuw
悠	yuw
尤	hjuw
訧	hjuw
游	yuw
游	yuw
遊	yuw
斿	yuw
油	yuw
猶	yuw
猶	yuw
由	yuw
友	hjuwX
有	hjuwX
酉	yuwX
酉	yuwX
酉	yuwX
牖	yuwX
莠	yuwX
幼	'jiwH
右	hjuwX
祐	hjuwX
囿	hjuwH
又	hjuwH
右	hjuwH
佑	hjuwH
祐	hjuwH
囿	hjuwk
誘	yuwX
迂	'ju
紆	'ju
迂	hju
於	'jo
歈	duw
㬰	gwijH
盂	hju
竽	hju
雩	hju
于	hju
于	hju
魚	ngjo
漁	ngjo
䱷	ngjo
鋙	ngjo
虞	ngju
虞	ngju
隅	ngju
娛	ngju
余	yo
餘	yo
予	yo
輿	yo
舁	yoX
臾	yu
諛	yu
俞	yu
愉	yu
榆	yu
渝	yu
踰	yu
逾	yu
蝓	zyu
傴	'juX
雨	hjuX
宇	hjuX
羽	hjuX
禹	hjuX
圄	ngjoX
圉	ngjoX
語	ngjoX
鋙	ngjoX
予	yoX
与	yoX
與	yoX
庾	yuX
鬱	'jut
蔚	'jut
彧	'juwk
郁	'juwk
奧	'juwk
薁	'juwk
芋	hjuH
雨	hjuH
或	hwik
域	hwik
緎	hwik
汩	hwit
御	ngjoX
禦	ngjoX
御	ngjoH
馭	ngjoH
語	ngjoH
玉	ngjowk
獄	ngjowk
寓	ngjuH
遇	ngjuH
緎	xwik
譽	yo
譽	yoH
豫	yoH
豫	yoH
譽	yoH
鸒	yoH
與	yoH
欲	yowk
愈	yuX
喻	yuH
儥	yuwk
𧶠	yuwk
育	yuwk
毓	yuwk
鬻	yuwk
昱	yuwk
煜	yuwk
繘	ywit
聿	ywit
聿	ywit
遹	ywit
悁	'jwien
蜎	'jwienX
淵	'wen
肙	'wen
蜎	'wen
蜎	gjwienX
員	hjwen
圓	hjwen
圜	hjwen
園	hjwon
猨	hjwon
援	hjwon
袁	hjwon
轅	hjwon
垣	hjwon
爰	hjwon
原	ngjwon
原	ngjwon
源	ngjwon
元	ngjwon
捐	ywen
緣	ywen
苑	'jwonX
苑	'jwonX
遠	hjwonX
怨	'jwonH
媛	hjwenH
院	hjwenH
𩕾	ngjwonH
願	ngjwonH
約	'jak
葯	'jak
曰	hjwot
戉	hjwot
鉞	hjwot
越	hjwot
粵	hjwot
樂	ngaewk
嶽	ngaewk
岳	ngaewk
月	ngjwot
刖	ngwaet
龠	yak
籥	yak
躍	yak
蜕	ywet
悦	ywet
閲	ywet
閲	ywet
説	ywet
員	hjun
雲	hjun
芸	hjun
云	hjun
筠	hwin
匀	ywin
匀	ywin
藴	'junX
隕	hwinX
允	ywinX
狁	ywinX
愠	'junH
藴	'junH
運	hjunH
韻	hwinH
韵	hwinH
均	hwinH
孕	yingH
帀	tsop
雜	dzop
災	tsoj
灾	tsoj
𢦒	tsoj
𢦏	tsoj
哉	tsoj
哉	tsoj
栽	tsoj
烖	tsoj
載	tsojX
宰	tsojX
在	dzojX
載	dzojH
再	tsojH
載	tsojH
載	tsojH
簪	tsom
簪	tsrim
噆	tsop
暫	dzamH
贊	tsanH
臧	tsang
贓	tsang
藏	dzangH
葬	tsangH
糟	tsaw
遭	tsaw
鑿	dzak
鑿	dzowk
早	tsawX
藻	tsawX
棗	tsawX
澡	tsawX
繰	tsawX
蚤	tsawX
皁	dzawX
造	dzawX
燥	sawX
譟	sawH
竈	tsawH
造	tshawH
澤	draek
則	tsok
則	tsok
柞	tsraek
責	tsreak
責	tsreak
夨	tsrik
𠨮	tsrik
仄	tsrik
𣅔	tsrik
昃	tsrik
𣅛	tsrik
賊	dzok
譖	tsrimH
繒	dzing
曾	tsong
憎	tsong
增	tsong
贈	dzongH
甑	tsingH
柤	tsrae
札	tsreat
眨	tsreap
乍	dzraeH
詐	tsraeH
摘	treak
齋	tsreaj
宅	draek
廌	dreaX
債	tsreaH
責	tsreaH
祭	tsreajH
瘵	tsreajH
飦	kan
沾	trjem
鱣	trjen
厃	tsyem
瞻	tsyem
詹	tsyem
噡	tsyem
占	tsyem
饘	tsyen
氈	tsyen
鸇	tsyen
饘	tsyenX
輾	trjenX
搌	trjenX
展	trjenX
展	trjenH
斬	tsreamX
盞	tsreanX
棧	dzraenX
棧	dzraenH
棧	dzreanX
轏	dzreanX
襢	trjenX
襢	trjenX
襢	trjenH
戰	tsyenH
戰	tsyenH
張	trjang
章	tsyang
獐	tsyang
璋	tsyang
長	trjangX
掌	tsyangX
丈	drjangX
帳	trjangH
啁	traew
朝	trjew
昭	tsyew
爪	tsraewX
㕚	tsraewX
沼	tsyewX
濯	draewH
櫂	draewH
趙	drjewX
兆	drjewX
召	drjewH
罩	traewH
炤	tsyewH
照	tsyewH
詔	tsyewH
遮	tsyae
謫	dreak
蟄	drip
轍	drjet
慹	nep
輒	tep
乇	traek
謫	treak
輒	trjep
耴	trjep
哲	trjet
悊	trjet
晢	tsyejH
懾	tsyep
慹	tsyep
晢	tsyet
折	tsyet
者	tsyaeX
赭	tsyaeX
柘	tsyaeH
蔗	tsyaeH
椹	trim
珍	trin
貞	trjeng
貞	trjeng
蓁	tsrin
榛	tsrin
箴	tsyim
鍼	tsyim
針	tsyim
斟	tsyim
甄	tsyin
真	tsyin
縝	tsyin
振	tsyin
診	drinH
辴	trhij
辴	trhinX
枕	tsyimX
㐱	tsyinX
稹	tsyinX
鬒	tsyinX
畛	tsyinX
袗	tsyinX
軫	tsyinX
診	tsyinX
朕	drimX
酖	drimH
鴆	drimH
陳	drinH
陣	drinH
疹	trhinH
鎮	trinH
枕	tsyimH
振	tsyinH
震	tsyinH
崢	dzreang
丁	treang
徵	tring
爭	tsreang
烝	tsying
脀	tsying
蒸	tsying
正	tsyeng
征	tsyeng
撜	tsyingX
拯	tsyingX
抍	tsyingX
整	tsyengX
鄭	drjengH
證	tsyingH
正	tsyengH
政	tsyengH
証	tsyengH
知	trje
蜘	trje
之	tsyi
之	tsyi
脂	tsyij
織	tsyik
汁	tsyip
支	tsye
支	tsye
枝	tsye
肢	tsye
胑	tsye
觶	tsye
隻	tsyek
植	driH
植	driH
直	drik
躑	drjek
殖	dzyik
埴	dzyik
殖	dzyik
植	dzyik
稙	trik
縶	trip
樴	tsyik
職	tsyik
執	tsyip
慹	tsyip
摭	tsyek
祉	trhiX
黹	trijX
茝	tsyiX
止	tsyiX
趾	tsyiX
旨	tsyijX
指	tsyijX
砥	tsyijX
紙	tsyeX
咫	tsyeX
豸	dreaX
治	driH
值	driH
雉	drijX
稚	drijH
稺	drijH
豸	drjeX
滯	drjejH
彘	drjejH
置	triH
疐	trijH
質	trijH
致	trijH
陟	trik
窒	trit
智	trjeH
楖	tsrit
志	tsyiH
識	tsyiH
誌	tsyiH
摯	tsyijH
鷙	tsyijH
至	tsyijH
質	tsyit
炙	tsyaeH
寘	tsyeH
示	tsyeH
瘈	tsyejH
狾	tsyejH
制	tsyejH
製	tsyejH
炙	tsyek
潨	dzowng
中	trjuwng
忠	trjuwng
妐	tsyowng
鍾	tsyowng
鍾	tsyowng
鐘	tsyowng
終	tsyuwng
螽	tsyuwng
潨	tsyuwng
冢	trjowngX
種	tsyowngX
腫	tsyowngX
重	drjowngX
重	drjowngH
仲	drjuwngH
中	trjuwngH
種	tsyowngH
眾	tsyuwngH
周	tsyuw
周	tsyuw
舟	tsyuw
州	tsyuw
洲	tsyuw
粥	tsyuwk
鬻	tsyuwk
軸	drjuwk
疛	trjuwX
肘	trjuwX
帚	tsyuwX
箒	tsyuwX
紂	drjuwX
酎	drjuwX
冑	drjuwH
驟	dzrjuwH
騶	dzrjuwH
晝	trjuwH
咮	trjuwH
皺	tsrjuwH
縐	tsrjuwH
祝	tsyuwH
豬	trjo
株	trju
蛛	trju
誅	trju
邾	trju
諸	tsyo
諸	tsyo
朱	tsyu
朱	tsyu
侏	tsyu
逐	drjuwk
瘃	trjowk
竹	trjuwk
燭	tsyowk
朮	zywit
褚	trjoX
拄	trjuX
壴	trjuH
煑	tsyoX
煮	tsyoX
䰞	tsyoX
渚	tsyoX
陼	tsyoX
屬	tsyowk
斗	tsyuX
主	tsyuX
竚	drjoX
紵	drjoX
箸	drjoH
除	drjoH
柱	drjuX
住	drjuH
助	dzrjoH
著	trjoH
注	trjuH
築	trjuwk
馵	tsyuH
鑄	tsyuH
祝	tsyuwk
祝	tsyuwk
抓	tsraew
抓	tsraewX
髽	tsrwae
專	tsywen
轉	trjwenX
轉	trjwenX
傳	drjwenH
撰	dzrjwenX
傳	trjwenH
妝	tsrjang
莊	tsrjang
撞	draewngH
狀	dzrjangH
壯	tsrjangH
追	trwij
隹	tsywij
沝	tsywijX
隊	drwijH
墜	drwijH
屯	trwin
淳	tsywin
淳	tsywinX
準	tsywinX
桌	traewk
卓	traewk
捉	tsraewk
拙	tsywet
濁	draewk
擢	draewk
濯	draewk
著	drjak
躅	drjowk
斲	traewk
啄	traewk
著	trjak
叕	trjwejH
叕	trjwet
斮	tsraewk
斮	tsrjak
茁	tsrjwet
茁	tsrweat
繳	tsyak
斫	tsyak
勺	tsyak
酌	tsyak
滋	tsi
咨	tsij
粢	tsij
資	tsij
諮	tsij
齍	tsij
緇	tsri
子	tsiX
梓	tsiX
子	tsiX
姊	tsijX
秭	tsijX
訾	zje
字	dziH
自	dzijH
自	dzijH
柴	dzrea
恣	tsijH
從	tsjowng
宗	tsowng
緵	tsuwng
稯	tsuwng
豵	tsuwng
總	tsuwng
緫	tsuwng
揔	tsuwng
總	tsuwngX
緫	tsuwngX
揔	tsuwngX
從	dzjowngH
縱	tsjowngH
綜	tsowngH
諏	tsju
掫	tsju
騶	tsrjuw
掫	tsrjuw
掫	tsrjuwX
走	tsuwX
奏	tsuwH
族	dzuwk
足	tsjowk
足	tsjowk
鏃	tsuwk
鏃	tsuwk
卒	tswit
卒	tswot
阻	tsrjoX
祖	tsuX
鑽	tswan
纂	tswanX
䘒	tswoj
朘	tswoj
觜	tsjweX
罪	dzwojX
最	tswajH
醉	tswijH
遵	tswin
尊	tswon
尊	tswon
樽	tswon
昨	dzak
左	tsaX
左	tsaX
左	tsaH
佐	tsaH
胙	dzuH
坐	dzwaX
坐	dzwaX
座	dzwaH
坐	dzwaH
作	tsak
糳	tsak
作	tsuH