187899	之
111705	不
101545	也
91428	以
84438	而
70854	其
68929	為
65996	曰
63454	者
61543	人
61024	子
48848	有
45678	於
42917	王
34087	大
31934	十
31233	則
30154	無
29210	所
29209	天
29160	下
28767	公
26512	故
26160	三
24772	年
24319	君
24252	二
23864	一
23429	上
22193	國
22178	是
21746	與
21391	侯
20797	夫
20377	可
20189	中
19463	得
18940	五
18720	言
18525	行
18098	將
17476	事
17263	使
17216	能
17184	臣
17021	何
16894	至
16822	四
16353	矣
16049	自
15876	此
15767	民
15713	太
15673	知
15499	相
15416	月
14914	道
14885	謂
14783	如
14337	後
14065	見
13958	生
13934	乃
13931	百
13746	時
13532	陽
13530	日
13432	皆
13397	乎
13143	于
13106	在
12988	帝
12780	出
12187	死
12147	非
12130	六
12111	諸
12102	欲
12027	必
11905	今
11845	然
11707	齊
11676	明
11375	聲
11039	从
10909	地
10821	若
10747	令
10743	從
10724	及
10721	軍
10623	立
10563	成
10543	用
10542	長
10299	入
10182	兵
9940	主
9864	聞
9832	文
9736	秦
9614	德
9597	未
9490	士
9456	安
9361	萬
9305	東
9195	吾
9045	焉
8957	食
8941	先
8931	數
8926	我
8906	楚
8837	禮
8826	復
8773	山
8772	心
8459	千
8429	亦
8425	南
8357	世
8318	治
8229	水
8175	九
8133	氣
8105	七
8046	名
8029	周
8025	方
8016	平
7977	善
7976	殺
7925	武
7918	元
7902	正
7892	多
7835	書
7814	命
7787	小
7678	師
7678	八
7626	西
7563	義
7502	馬
7409	足
7392	又
7390	家
7382	法
7273	高
7248	內
7218	當
7170	父
7166	亡
7152	守
7137	物
7039	遂
7004	陰
6968	去
6934	已
6933	問
6909	漢
6814	樂
6780	功
6761	利
6705	卒
6690	北
6608	來
6593	賢
6509	餘
6487	身
6463	伯
6435	歸
6400	氏
6355	封
6339	外
6268	官
6203	晉
6199	取
6191	失
6143	城
6127	居
6094	重
6089	同
6068	受
6063	反
6063	司
6034	門
5991	少
5972	孫
5962	聖
5945	常
5941	眾
5927	過
5909	服
5868	趙
5849	后
5844	車
5815	作
5786	因
5752	雖
5722	亂
5670	伐
5633	位
5631	信
5623	分
5617	始
5547	病
5545	夏
5539	朝
5514	春
5486	里
5470	或
5409	親
5364	陳
5339	罪
5337	政
5328	神
5303	請
5298	惡
5253	莫
5165	女
5069	歲
5053	吏
5034	孝
5012	發
5009	舉
5004	黃
4972	秋
4959	孔
4958	且
4955	郡
4888	右
4880	敢
4877	前
4875	貴
4870	易
4858	史
4851	勝
4847	皇
4822	求
4815	即
4794	說
4748	金
4737	弟
4736	左
4714	起
4703	會
4681	實
4661	定
4618	衛
4601	通
4586	母
4567	石
4538	田
4487	尉
4457	既
4443	兮
4436	擊
4428	合
4427	宮
4408	對
4389	吳
4370	光
4367	河
4362	和
4334	白
4308	好
4281	乘
4266	戰
4264	猶
4237	哉
4235	難
4212	稱
4192	屬
4168	魏
4146	意
4137	凡
4131	風
4115	攻
4114	宜
4106	聽
4091	終
4060	遠
4047	宗
4027	仁
4019	陵
4013	盡
4009	異
3987	木
3976	等
3973	進
3962	傳
3938	拜
3933	節
3918	初
3895	甚
3873	都
3870	衣
3826	力
3825	告
3812	本
3806	止
3769	誅
3754	古
3742	坐
3735	賜
3731	鄭
3730	制
3728	降
3712	辭
3699	度
3697	尚
3623	學
3615	興
3592	各
3564	耳
3563	變
3563	韓
3561	敗
3554	張
3551	疾
3550	處
3547	獨
3525	廣
3524	益
3519	應
3516	仲
3502	還
3491	詔
3488	謀
3476	絕
3475	室
3461	魯
3447	往
3439	越
3437	土
3436	動
3425	海
3399	執
3398	教
3394	觀
3392	邑
3386	姓
3382	己
3373	刑
3369	宋
3355	尊
3350	兩
3349	邪
3342	詩
3340	卿
3329	叔
3322	寡
3300	夷
3277	害
3268	固
3256	御
3247	形
3234	弗
3228	建
3223	愛
3219	致
3215	冬
3178	章
3169	傷
3169	化
3154	梁
3132	老
3126	祭
3109	經
3099	爵
3090	流
3083	敬
3081	首
3078	燕
3072	由
3061	桓
3045	奉
3038	忠
3018	共
3012	志
3005	徒
3004	視
3000	破
2978	任
2966	威
2966	火
2960	祖
2958	憂
2953	奴
2952	縣
2934	昭
2933	免
2926	群
2913	色
2909	寒
2903	虛
2901	更
2897	怒
2884	騎
2879	次
2850	口
2834	遣
2810	代
2810	加
2806	州
2793	喪
2785	湯
2780	望
2777	久
2775	富
2770	思
2770	順
2761	升
2748	戶
2712	間
2674	酒
2672	甲
2663	廟
2663	嘗
2653	滅
2650	願
2649	關
2647	召
2646	比
2623	論
2612	良
2612	客
2586	美
2583	除
2580	恐
2580	置
2577	嗣
2575	理
2572	宣
2566	星
2566	丞
2553	賞
2535	惠
2535	盛
2533	語
2531	深
2529	直
2520	智
2518	患
2512	計
2507	雨
2504	鄉
2500	舍
2498	養
2498	微
2498	危
2497	離
2497	象
2496	厚
2493	祿
2487	哀
2478	禍
2477	面
2475	兄
2475	目
2475	玉
2471	賊
2459	匈
2441	解
2431	季
2428	臨
2410	景
2409	遷
2405	逆
2398	飲
2398	布
2389	云
2384	輕
2384	龍
2382	婦
2372	許
2366	議
2363	府
2362	脈
2355	福
2344	薨
2338	穀
2336	射
2334	爭
2316	幸
2316	備
2313	昔
2307	列
2306	妻
2300	商
2293	豈
2289	私
2289	怨
2289	強
2286	刺
2285	交
2282	郎
2281	極
2273	近
2273	葬
2271	牛
2266	藏
2266	積
2265	喜
2262	獻
2261	申
2260	情
2258	夜
2250	丘
2237	江
2233	廢
2232	吉
2227	惟
2222	性
2211	孟
2211	奏
2194	單
2188	唯
2183	號
2176	術
2173	修
2172	禁
2169	走
2163	救
2159	施
2158	退
2151	彼
2146	劉
2144	尺
2142	窮
2124	待
2112	器
2100	精
2099	棄
2096	徵
2093	侍
2091	彊
2089	手
2085	留
2081	勞
2069	財
2058	疑
2045	原
2044	博
2038	賓
2022	諫
2018	澤
2006	弱
1996	魚
1995	就
1992	容
1991	庶
1980	路
1976	胡
1971	適
1970	清
1967	報
1967	俗
1964	伏
1958	存
1957	予
1955	曹
1953	祀
1946	持
1945	羽
1940	俱
1938	引
1937	誠
1930	察
1930	爾
1928	息
1921	塞
1919	懷
1918	辟
1909	虎
1904	延
1902	濟
1900	暴
1882	鳥
1880	甘
1879	權
1879	類
1874	勿
1868	收
1865	厥
1863	急
1863	肉
1858	草
1854	儀
1852	鼓
1850	賤
1847	字
1845	體
1844	盜
1833	尹
1833	陛
1832	京
1830	遺
1826	業
1824	晏
1817	遇
1816	懼
1808	率
1805	壽
1803	蓋
1801	禹
1796	野
1794	並
1793	雲
1793	罰
1792	徙
1790	赤
1784	隨
1781	讓
1780	斬
1777	管
1776	奔
1776	衰
1772	靈
1766	苦
1760	載
1760	莽
1752	舜
1751	新
1747	被
1745	永
1739	虞
1737	鬼
1723	獲
1723	空
1709	敵
1708	災
1701	李
1701	呂
1699	血
1694	農
1691	顯
1690	薄
1685	熱
1683	毋
1676	殷
1675	襄
1674	罷
1671	務
1671	職
1668	姦
1665	林
1664	畏
1659	步
1656	并
1653	便
1651	具
1649	輔
1639	川
1638	別
1638	華
1638	玄
1636	圍
1632	貧
1631	再
1629	嘉
1629	著
1622	稷
1617	寸
1615	堯
1614	市
1610	承
1609	冠
1599	省
1588	設
1585	社
1580	青
1572	期
1570	游
1570	紀
1565	幾
1558	開
1556	頭
1555	羊
1554	凶
1552	犯
1552	項
1549	痛
1544	汝
1543	隱
1542	散
1536	音
1535	卑
1533	辛
1532	斯
1530	獄
1528	朔
1527	校
1527	傅
1524	滿
1523	男
1522	咸
1522	昌
1519	參
1517	溫
1513	連
1510	部
1508	丁
1503	賦
1503	閒
1501	盟
1492	錢
1491	廷
1482	半
1481	霸
1481	淮
1479	莊
1479	儒
1476	賈
1474	戎
1469	骨
1468	忘
1461	堂
1457	康
1450	改
1447	約
1444	淫
1442	愚
1442	崩
1442	胥
1440	勇
1437	克
1434	獸
1433	曲
1425	祠
1423	孰
1422	郊
1422	迎
1420	嬰
1417	辰
1402	質
1401	勢
1399	寇
1396	慎
1390	決
1383	蔡
1374	廉
1373	專
1367	達
1364	聚
1363	恩
1356	寧
1353	結
1342	貢
1341	追
1339	曾
1337	負
1336	侵
1334	堅
1331	虜
1327	味
1326	邊
1322	末
1322	授
1319	疏
1319	圖
1315	榮
1312	族
1307	保
1305	登
1303	黨
1300	乙
1299	厲
1299	顧
1299	況
1298	要
1298	工
1297	赦
1290	考
1288	困
1287	寶
1284	恭
1284	姬
1283	送
1282	蒙
1279	谷
1278	朱
1276	角
1272	孤
1268	稽
1265	咎
1265	歌
1264	辱
1260	素
1260	向
1259	斷
1258	寵
1255	帥
1250	友
1241	逐
1239	慮
1237	干
1235	泉
1234	呼
1233	惑
1232	推
1231	皮
1231	策
1224	指
1223	果
1222	衡
1221	表
1219	荊
1216	狀
1215	畜
1203	宰
1203	朕
1200	讀
1192	嚴
1190	征
1190	篇
1184	哭
1181	郭
1179	兼
1178	休
1172	假
1170	无
1169	畢
1168	奇
1166	習
1166	示
1164	折
1163	奪
1162	戒
1158	宿
1156	簡
1153	飛
1143	鼎
1143	烏
1139	典
1139	謝
1137	臺
1134	竊
1132	避
1127	丙
1124	震
1120	種
1117	操
1116	掌
1114	豐
1113	覆
1109	彭
1108	黑
1107	靜
1105	旦
1104	端
1104	毀
1103	墨
1102	沛
1102	產
1100	略
1097	粟
1096	祝
1095	轉
1093	責
1090	戚
1090	鳴
1086	桀
1085	狄
1084	幽
1080	羌
1078	丹
1078	輒
1077	全
1076	舊
1073	卜
1072	營
1071	謹
1068	紂
1065	損
1065	鳳
1065	飾
1064	丈
1060	笑
1058	釋
1054	造
1054	余
1054	腹
1052	弓
1050	牧
1050	徐
1050	佐
1048	脩
1046	才
1046	審
1045	慶
1043	附
1042	雍
1039	庚
1038	苟
1035	納
1035	效
1035	謁
1035	第
1033	浮
1030	材
1029	樹
1027	背
1026	悉
1025	誰
1022	弘
1015	辯
1014	移
1013	貪
1013	妾
1012	泰
1008	役
1007	劍
1005	午
1004	穆
1004	序
1003	唐
1003	揚
997	維
996	屈
996	真
990	矢
990	崇
989	臧
988	律
988	候
987	屯
986	記
983	助
981	禽
981	茂
980	井
979	薦
979	驚
973	戊
968	違
963	范
962	短
960	愈
960	注
956	斗
955	拔
954	馳
953	邦
952	歷
949	橫
946	充
945	毛
942	識
942	差
941	奚
937	席
937	革
935	輿
935	測
934	放
933	乾
932	給
927	籍
927	頃
924	階
924	靡
922	寬
922	癸
920	錯
920	淵
920	耕
919	貞
918	繼
918	遊
918	到
917	據
917	須
915	驕
910	循
909	壬
909	房
907	詐
907	歧
906	柔
906	鹿
906	累
906	妄
904	剛
904	昆
901	雷
901	選
899	巳
898	庭
897	蘇
896	調
894	勸
890	履
889	倍
887	僕
886	汗
885	鴻
884	卯
883	旅
881	感
880	巧
880	楊
876	闕
876	采
874	忌
872	介
870	帛
869	舒
869	亥
869	酉
868	寅
867	兆
864	駕
863	顏
860	襲
859	杜
858	藥
856	忍
853	幣
853	祥
853	冀
852	每
850	討
849	詣
848	似
848	竟
848	蟲
848	增
847	陶
847	悲
846	扶
845	壯
845	垂
845	煩
843	鮮
843	泣
841	舞
841	夢
841	豫
837	貨
835	丑
834	委
832	費
832	接
830	集
830	肯
829	弒
829	亭
824	案
823	恥
823	茲
822	他
821	翼
820	資
818	姑
815	龜
809	閉
806	帶
805	倉
804	桑
804	補
801	縱
801	答
799	擇
799	兒
796	馮
796	池
794	振
792	蜀
791	譽
790	量
790	句
789	寢
789	旱
787	盈
786	匹
784	奈
780	肖
776	憲
776	齒
776	統
775	趨
774	怪
774	涉
772	犬
770	阿
769	渠
763	符
762	尤
761	庸
761	飢
761	豪
759	支
758	鄧
758	捕
757	殿
756	遭
755	鄙
755	特
752	枝
752	董
749	肅
748	雄
747	占
747	勤
746	伊
745	姜
743	叛
736	殊
735	屋
734	邯
733	悅
733	賀
729	仰
729	險
728	宛
727	回
726	幼
726	逃
723	露
722	運
720	密
719	壞
717	蔽
717	防
716	蠻
715	竹
714	逢
713	偃
713	鍾
713	戌
711	隆
711	驗
710	舟
710	讎
710	艸
709	尸
709	護
706	蒼
705	敖
704	偽
703	葉
703	沙
702	旁
700	減
700	印
698	鄰
698	雞
698	邾
697	斂
695	殆
695	刻
694	躬
693	陷
692	沒
691	述
691	伍
689	夕
684	斤
683	廬
681	均
676	根
673	割
673	洛
672	園
669	莒
668	否
668	聘
665	竭
665	悔
665	竇
662	閭
661	頗
660	享
659	巫
658	戮
657	辨
656	純
656	削
655	切
655	彌
654	招
653	厭
652	監
652	訟
651	念
651	索
650	冥
649	貌
648	雜
647	仕
642	踐
642	狗
642	讒
639	狐
637	歎
636	境
636	衍
636	翟
635	胃
633	尼
633	頓
632	肺
632	最
631	領
629	繫
629	援
626	依
626	匡
626	傾
623	忽
618	側
618	荒
616	狂
615	曷
615	昏
614	覺
610	賔
608	悼
607	刀
604	宅
602	卓
602	勃
602	毒
602	稍
601	卷
601	蕭
601	沈
600	尾
599	賁
598	慈
598	細
597	跡
596	肝
594	試
594	豹
592	樓
592	但
591	式
591	蛇
588	仇
587	秉
586	囚
584	緩
582	紹
582	牙
581	饗
580	巡
579	級
577	乞
577	諾
574	篤
574	壹
574	擅
573	機
572	烈
571	殘
570	髮
568	奢
568	牲
566	穴
565	欺
565	珠
564	託
563	畫
562	陸
561	育
560	皋
558	罔
558	訓
558	綬
557	卻
557	旗
555	域
555	臥
554	戴
552	塗
552	消
552	脫
549	奮
548	敝
548	勳
548	規
548	投
547	薛
546	鐘
544	牢
543	弦
543	謙
542	晝
541	條
539	輸
538	儉
538	褒
536	鬥
535	戲
535	泄
532	貳
532	蒲
531	匿
531	撫
531	慕
531	諱
531	洗
529	鐵
529	燒
529	恃
528	偏
528	敦
527	灌
527	漸
526	遵
525	贊
524	奠
524	禾
523	米
523	買
523	秩
522	踰
522	倫
522	恨
521	束
520	譬
520	霍
519	麻
519	饑
518	童
518	璧
517	某
517	落
516	獵
516	鮑
514	樊
514	雅
510	頌
509	繩
508	糧
508	配
508	屠
507	劫
506	遲
506	驅
506	繆
505	緣
504	猛
504	醫
504	早
504	弊
503	朋
503	濁
502	妖
502	隸
501	聰
501	掾
500	屍
499	揖
497	佞
497	超
497	侈
496	速
494	畔
494	杖
494	甫
494	囂
491	醜
491	筋
489	膠
487	豆
487	融
487	晦
486	暑
486	按
485	畝
485	覽
484	築
482	距
481	羞
481	盧
480	攝
480	拘
479	啟
479	俎
479	涕
478	英
478	桂
477	刃
477	狩
477	遼
475	絲
475	鍼
474	胸
473	肥
471	琴
471	鹽
471	柱
468	優
467	貫
467	辜
466	班
463	肆
463	鼠
463	賂
463	潁
462	闔
462	墓
462	柰
461	導
461	荀
460	淺
460	脅
459	隴
458	冢
458	乏
457	蘭
455	穿
455	譏
455	鉤
454	溢
453	怠
453	嫁
453	船
452	抱
452	賴
452	冒
451	虐
450	婁
450	萌
449	腸
448	恆
448	郤
447	狼
446	宦
445	掩
444	熊
443	腎
441	焦
439	疆
439	迫
439	蕃
438	搖
436	抑
434	曠
434	恤
434	弩
433	冰
432	枚
431	禦
431	舅
431	絡
430	漁
429	勉
427	膚
425	夭
425	舌
423	麗
422	黎
422	程
421	矜
421	擾
421	界
421	韋
420	徑
420	鄲
419	完
419	暮
419	員
419	枯
418	娶
418	豕
417	煮
413	禪
413	雒
411	宇
410	賣
409	逮
409	巨
409	繇
409	敞
408	棘
408	尋
407	箕
407	股
407	瑞
405	裘
405	閔
405	央
404	黍
404	脾
403	挾
403	環
403	羅
403	斛
400	滑
400	霜
400	歆
399	蕩
398	誦
398	津
396	溝
396	鞅
395	熟
395	魂
394	缺
394	鑄
393	允
393	饒
391	袁
390	飯
390	繁
389	柳
389	誣
389	鈞
389	銳
387	釐
387	欒
386	苗
386	迷
385	枉
385	曆
385	蠡
385	吐
384	講
384	殃
383	嗟
382	倚
382	督
381	崔
381	赴
381	什
381	副
380	麥
378	昧
378	俞
378	觸
377	談
377	壁
377	抵
377	眉
376	棺
376	珍
376	銅
375	臂
375	含
374	雪
374	絳
373	俊
372	戾
371	駟
371	姊
370	佩
370	寫
369	桃
369	埶
369	敕
368	巾
368	它
367	爰
367	詳
367	照
367	荅
366	薪
366	巴
366	滎
365	卦
364	杞
364	巢
364	錄
363	弔
363	逸
363	館
362	懸
361	堪
360	圭
359	庫
359	垣
359	墮
358	格
358	溺
358	區
358	恣
358	筮
357	瑟
357	歡
357	趣
356	牽
355	佚
355	睹
354	徹
354	際
354	盎
353	柏
352	戈
352	績
351	潛
351	熒
350	壤
350	醉
349	矯
348	紛
348	軫
347	署
346	晨
346	織
346	謚
345	匪
345	軌
344	慢
343	雉
343	基
343	搏
343	恢
342	忿
342	沃
342	曉
341	裳
341	稅
340	鬱
340	續
339	貶
339	戍
339	裂
338	悖
338	璽
337	綱
337	斧
337	閏
336	濕
336	包
335	鉅
335	蝕
334	耆
333	藉
333	洪
333	郢
333	掖
333	衝
333	蹇
333	波
332	錫
331	鼻
331	婢
330	租
330	裏
329	憎
329	阻
328	默
328	顓
328	謗
328	萊
327	鑿
327	滋
327	贖
326	藝
326	誘
326	稼
326	涼
326	苛
326	虧
325	牟
325	菑
325	靖
324	渡
323	矩
323	旋
323	漏
322	飽
322	孺
322	葛
322	頸
321	寄
321	篡
321	系
320	滕
320	琅
319	懿
319	焚
319	匠
319	棗
319	驪
319	湖
318	肩
318	淳
317	綏
316	供
316	茅
316	翁
315	屏
315	妃
315	芒
313	侮
313	渴
313	汙
313	旌
313	輪
312	赫
312	仆
312	盾
312	稟
311	栗
310	憐
310	耿
309	敏
309	潔
309	蚤
309	誤
308	沐
308	總
308	鵲
308	冤
307	憚
307	遍
307	觶
307	零
307	酸
307	苑
306	顛
305	漆
305	徼
305	兌
305	愁
305	皃
304	兔
304	慚
303	豎
301	松
301	黜
300	圉
300	戟
300	燥
300	夙
299	牆
299	廩
299	闇
298	膏
297	瓦
297	亨
296	嗜
296	湛
295	壇
294	牡
294	燔
294	隕
294	鎮
294	劾
293	紫
293	鄒
292	希
292	犀
292	諭
291	酌
291	偶
291	勒
291	徇
290	毅
290	諛
290	渭
289	糾
289	誓
288	亞
288	芻
288	壺
288	恬
287	軻
287	孽
287	夾
287	炎
287	僖
286	殖
286	睢
285	臭
285	亟
285	貸
285	譚
284	證
284	遁
284	契
284	燭
284	潰
284	迺
284	畤
283	沉
282	欽
282	藩
280	帷
280	俟
280	餓
280	段
280	捐
280	激
279	潤
279	沮
279	僚
278	禱
278	坎
278	醴
278	競
276	旨
276	虢
274	甯
274	準
274	穰
273	突
273	掠
273	骸
273	雀
273	祐
272	拒
272	麟
272	糸
270	攸
270	孚
269	隅
269	幹
268	騰
268	耶
268	蠱
268	綰
267	擢
267	寤
267	佗
266	繡
266	橋
265	乳
265	僭
264	床
264	丸
264	誼
262	倦
262	阼
262	囊
262	樸
262	卬
261	雩
261	旬
261	吹
261	轅
260	嗚
260	翔
260	醢
259	鴈
258	冕
258	匱
258	俠
258	悟
258	豨
257	創
257	活
257	軒
256	源
255	亢
255	品
254	罕
254	膳
253	冉
253	谿
253	蓄
253	疫
253	壅
253	協
253	腫
252	妹
252	祁
252	酈
251	植
251	艾
251	祈
251	圓
251	斥
251	隗
251	陟
251	臚
250	酎
249	瀆
249	耦
248	袒
248	噲
248	詭
248	柄
247	岐
247	渾
246	愿
246	濡
246	練
245	脯
245	柴
245	億
244	喻
244	彘
244	械
244	卵
244	阜
243	隙
243	香
242	騫
242	巷
242	炙
242	曼
242	痺
241	析
241	瑕
240	諂
240	憤
240	蠶
239	塵
239	駭
238	墜
238	岑
238	貝
238	乖
238	芳
238	嘔
237	睦
237	詘
237	杼
236	欣
235	括
235	坤
235	肌
235	扁
235	譴
234	閎
234	捷
234	腰
233	冶
233	墳
233	擁
232	殯
232	囿
232	髡
231	羹
231	晚
231	穢
231	笞
230	浴
230	彗
230	鳩
229	恂
229	訾
229	爪
229	惲
228	攘
228	麋
228	贈
227	弋
227	嶽
227	展
227	究
227	複
226	瞻
226	浸
226	犧
226	轡
226	黯
225	提
225	圜
224	瓜
224	簿
223	惜
223	魄
223	歙
222	雌
222	繒
222	翊
221	雕
221	快
220	劇
220	虫
219	鸞
219	沖
219	台
218	稻
218	喬
218	膺
218	跪
218	技
217	泥
217	彰
217	蓬
216	朽
216	弁
215	算
214	譖
214	借
214	躁
214	贍
214	淑
214	遽
214	筭
213	陋
213	逾
213	汲
213	敘
213	縛
212	巽
212	嬖
212	幕
212	鋒
211	腐
211	脊
211	諡
210	裁
210	嬴
210	梧
210	頊
210	喘
210	欬
209	翕
209	饋
209	弛
209	矛
209	壘
209	網
208	肱
208	暇
208	泗
207	填
207	拂
207	婚
207	僻
206	瞽
206	錦
206	踵
206	殤
206	銜
205	臾
205	凍
205	踴
204	叩
204	暢
204	菽
204	握
204	俾
204	銖
204	誹
203	駒
203	鱉
203	嗇
203	返
203	傍
202	剝
202	蝗
202	荼
202	嚮
202	齎
201	宴
201	邇
201	俯
201	羸
201	勁
200	愆
200	拾
200	鹹
200	爽
200	犁
199	盆
199	隊
199	哲
199	嵩
199	蚡
199	煌
199	龐
198	偷
198	磬
198	整
198	函
198	驩
198	陂
198	氐
198	液
198	閼
197	桐
197	彈
196	科
196	驥
196	鰥
196	郅
195	蹈
195	粥
195	屨
194	郁
194	奸
194	羈
194	聾
194	齋
194	妒
194	募
193	頤
193	埋
193	匕
193	弇
192	槁
192	嚭
192	粵
191	菜
191	霧
191	邢
190	縮
190	染
190	眇
190	吞
190	歐
189	蒸
189	筆
189	濮
189	彪
188	几
188	只
188	電
188	抗
188	竅
188	絜
188	聊
188	熹
187	洽
187	盤
187	觴
187	剖
187	銀
186	仍
186	嫌
186	烝
186	怯
186	凝
186	傲
186	採
185	旄
185	妙
184	屢
184	播
184	窺
184	般
184	番
184	鄴
184	孛
183	牖
183	秀
183	濫
183	倒
183	吊
183	鵠
183	倡
183	灶
183	鉞
182	艮
182	滓
181	咨
181	掘
181	隰
181	筑
181	莖
181	黥
181	樞
180	仞
180	眩
180	嘆
180	岸
180	宏
180	驃
179	悌
179	詰
178	疇
178	舂
178	轂
177	寐
177	駿
177	隄
177	椒
176	槨
176	岱
176	熙
176	響
176	涿
175	枕
175	柯
175	讖
174	鬻
174	鑒
174	牝
174	翦
174	雙
174	札
173	摯
173	廄
173	狹
173	姒
172	洋
172	閑
172	扈
172	祚
171	擯
171	懲
171	癰
171	蒞
171	罵
171	脹
171	虖
170	媚
170	豚
170	丕
170	黔
170	愍
169	羔
169	厄
169	輩
168	棲
168	巖
168	伸
168	隔
168	筴
168	涇
167	盍
167	奄
167	組
167	膝
167	蒯
167	勾
166	峻
166	蔑
165	逝
165	遏
165	萃
165	楹
165	披
165	訖
165	汾
165	需
164	郵
164	騁
164	諷
164	邳
164	櫟
164	惶
163	惰
163	橐
163	藪
163	遜
163	渙
163	診
163	剋
162	釜
162	釣
162	烹
162	夔
162	棠
162	驂
162	絰
162	鱗
162	閻
162	詛
162	羲
161	鞭
161	傑
161	儲
161	玩
161	遯
161	遮
160	纓
160	筵
160	盲
160	緒
160	昊
159	慝
159	脛
159	飭
158	拙
158	榆
158	瓚
158	耗
158	犢
158	噬
157	毫
157	梓
157	咽
157	揆
157	騶
157	雹
157	寺
157	珪
157	綿
157	仙
157	祕
156	喟
156	滯
156	椎
156	軸
155	繕
155	鏤
155	騏
155	猾
155	輦
155	冷
154	鬲
154	撓
154	愧
154	臘
154	誡
154	訪
153	誨
153	銘
153	蟄
153	摧
152	祗
152	乍
152	姻
152	閱
152	詹
151	措
151	炭
151	涂
151	汁
151	洞
151	膽
151	慄
151	疲
150	慧
150	阪
150	賄
150	餌
150	槐
150	悍
150	謬
150	酷
150	限
149	構
149	鮪
149	鳧
149	邸
149	慰
148	趾
148	酬
148	拊
148	邛
148	鄢
148	苓
148	芮
147	探
147	躍
147	惕
147	禺
147	纖
147	銷
147	沸
146	裹
146	鯀
146	藍
146	吸
146	裔
145	宥
145	編
145	陣
144	輟
144	濱
144	摩
144	爛
144	騷
144	娛
143	荷
143	釁
143	誕
142	恕
142	圃
142	檀
142	盥
142	謠
142	頡
141	奧
141	係
141	恒
141	暗
141	祉
141	臼
141	朴
141	灸
140	互
140	阨
140	脂
140	闢
140	熲
139	祇
139	鶴
139	訢
139	遙
139	擬
139	蜚
139	瓊
139	酺
139	従
138	濯
138	旃
138	殽
138	輯
138	汜
138	健
138	影
138	弄
138	甄
138	雋
138	課
138	辵
137	穡
137	苴
137	閣
137	胎
137	妨
137	灰
137	婕
137	妤
136	褐
136	嘻
136	翳
136	瘧
136	麾
136	吁
135	兢
135	挈
135	綠
135	歿
135	羨
135	涓
135	帳
134	範
134	障
134	錮
134	僊
134	巿
133	禘
133	羿
133	蹶
133	污
133	篚
133	歟
133	鉏
133	凌
133	價
133	憙
133	緊
132	亶
132	糴
132	償
132	气
131	潦
131	警
131	跖
131	苞
131	隧
131	虵
130	拱
130	雁
130	鷹
130	譯
130	梅
130	款
130	檻
130	檄
130	爻
129	排
129	叱
129	煎
129	悠
129	湣
129	梟
129	喉
129	髓
128	璜
128	偉
128	傕
127	澹
127	裨
127	揭
127	鬭
127	檢
127	把
127	葵
127	餐
127	殄
127	蛟
127	葦
127	緯
127	鴟
127	街
127	媵
127	淄
127	碭
126	迭
126	茍
126	奐
126	訊
126	蓍
126	垢
126	付
126	讙
126	像
125	鐸
125	兕
125	普
125	邕
124	繹
124	籩
124	隘
124	砥
124	陘
124	岳
124	浦
124	輜
124	票
123	衽
123	誥
123	碩
123	墟
123	諧
123	皓
123	僑
123	閩
123	眚
122	漿
122	溼
122	稚
122	敷
122	攜
122	衢
122	艱
122	龔
122	驎
121	鯉
121	瘳
121	菹
121	鞮
121	聃
121	綦
121	芝
121	耀
121	飄
121	麤
121	齧
121	乂
121	鹵
121	怖
120	貉
120	挫
120	臻
120	伋
120	廓
120	駱
120	伎
120	紆
120	湘
119	偕
119	廚
119	柩
119	綴
119	愷
119	墾
118	糞
118	溉
118	疵
118	樗
117	巍
117	紅
117	浩
117	顙
117	叢
117	縞
117	婿
117	輻
117	忤
116	纍
116	僇
116	懈
116	弼
116	僮
116	料
115	汶
115	諺
115	杵
115	肘
115	霆
115	狡
115	竦
115	捨
115	鏡
115	沫
115	裝
115	僵
115	促
115	些
114	壑
114	頑
114	笙
114	板
114	箭
114	卹
114	灼
114	彤
114	菟
114	漕
114	夬
113	魁
113	豬
113	璋
113	詡
113	燮
112	裕
112	肢
112	燎
112	羆
112	滂
111	豺
111	埃
111	榭
111	魴
111	閨
111	崖
111	值
111	邵
111	歇
111	崑
111	涌
110	薑
110	亳
110	混
110	絀
110	兗
110	蚩
110	軼
109	蟬
109	暖
109	伺
109	漠
109	株
109	劣
109	腠
109	恚
109	煬
108	絞
108	愉
108	庖
108	欠
108	甸
108	弧
108	葆
108	勺
108	枳
107	瞑
107	橈
107	球
107	慘
107	賑
107	睽
107	衆
107	芍
106	鞠
106	曳
106	宵
106	贏
106	聶
106	嫗
106	姚
106	扞
106	蹻
106	湊
106	磾
106	疒
105	韶
105	偪
105	題
105	駑
105	悝
105	俛
105	僅
105	挑
105	訴
105	儋
105	騭
104	虹
104	侑
104	翠
104	髀
104	冑
104	贄
104	吟
104	阯
104	頁
103	饉
103	倨
103	嫉
103	態
103	驟
103	繞
103	寔
103	濇
102	徂
102	場
102	逼
102	黼
102	籌
102	蠹
102	佯
102	竄
102	鉗
102	詞
102	底
102	搜
102	崙
102	縑
101	瓠
101	剽
101	弭
101	剌
101	晁
100	琢
100	詠
100	駢
100	陪
100	浚
100	墻
100	炮
100	箴
100	歛
100	炊
100	幄
100	螽
100	遑
100	牂
99	倪
99	惻
99	愨
99	潘
99	糟
99	楫
99	煙
99	籠
99	楯
99	膿
99	燿
98	掃
98	挺
98	踝
98	夸
98	唱
98	刖
98	漂
98	洩
98	肜
97	蘧
97	吠
97	爨
97	絮
97	狸
97	粢
97	媒
97	蔥
97	缶
97	淖
97	暉
97	呵
97	痿
97	莎
97	准
96	逞
96	緇
96	愬
96	耒
96	氾
96	娣
96	慨
96	鄂
95	藻
95	狎
95	粱
95	懾
95	筐
95	途
95	袖
95	攴
94	汎
94	懦
94	蕪
94	笄
94	酣
94	濞
94	橘
94	溪
94	熏
94	廁
94	滇
93	頒
93	斃
93	酋
93	喙
93	嚳
93	絃
93	眥
92	涸
92	寓
92	覲
92	旂
92	摶
92	斫
92	竽
92	淡
92	蜂
92	碎
92	漳
92	演
92	宀
91	彫
91	抽
91	疽
91	螟
91	篋
91	腦
91	暨
91	逡
91	萇
91	啼
91	衷
91	棟
91	驛
91	購
91	逵
91	姤
90	腥
90	浪
90	杯
90	瑗
90	藜
90	亹
90	漫
90	伉
90	槃
90	甌
90	郯
90	闚
90	嗑
89	版
89	盪
89	衾
89	迹
89	鬬
89	朐
89	韭
89	蓼
89	虔
89	祟
89	標
89	寖
88	雎
88	輅
88	亮
88	茹
88	概
88	鬯
88	曩
88	蠲
88	馴
88	宓
88	侔
88	逋
87	甥
87	薊
87	俄
87	斲
87	駮
87	昱
86	饌
86	吝
86	貊
86	軀
86	箸
86	灑
86	馭
86	裡
86	遐
86	曜
86	昴
86	頰
86	䟽
85	燧
85	豢
85	梏
85	跛
85	滌
85	刎
85	繭
85	鶉
85	杏
85	脣
85	擒
85	替
84	叟
84	籥
84	販
84	撥
84	蒐
84	斟
84	瀉
83	殫
83	盱
83	廝
83	綺
83	廖
83	渝
83	寂
83	唇
83	低
83	鈔
83	朗
83	隹
83	埽
83	疼
82	磨
82	洒
82	孳
82	唾
82	蟻
82	搢
82	瑤
82	軾
82	簪
82	邴
82	瘦
82	闊
82	侖
82	茯
82	亓
81	慍
81	誄
81	醬
81	蹄
81	蒿
81	熾
81	孕
81	猗
81	淪
81	洮
81	渥
81	猥
81	冊
81	蔀
80	卞
80	譎
80	凰
80	較
80	賻
80	扇
80	堵
80	錐
80	跌
80	懽
80	花
80	朮
79	餒
79	撰
79	核
79	沾
79	撲
79	瘞
79	傭
79	啄
79	鮒
79	想
79	塹
79	膀
79	瘡
79	晷
79	研
79	鄫
78	肸
78	麒
78	謳
78	瘠
78	殉
78	瞿
78	禰
78	蕤
78	黿
78	蓐
78	庇
78	糠
78	寘
78	脆
78	貲
78	憑
78	幟
78	胱
77	觚
77	迂
77	諒
77	敺
77	蜜
77	彝
77	彥
77	芬
77	蜺
77	莢
77	郈
77	驢
77	脇
76	袍
76	噫
76	怵
76	幡
76	桎
76	揮
76	貍
76	粗
76	渚
76	腴
76	耽
76	緡
76	瞀
76	預
76	騖
76	螫
76	嗌
76	殳
76	幘
76	軹
76	胤
76	媼
76	阬
75	兜
75	雛
75	幅
75	囷
75	酢
75	碧
75	蘄
75	嫡
75	藺
75	梗
75	巔
75	窈
75	窴
74	鑽
74	耨
74	蹙
74	縷
74	簫
74	圄
74	襦
74	贛
74	迪
74	腳
74	茨
74	縠
74	眼
74	踈
73	紳
73	窒
73	蠅
73	褚
73	婉
73	畀
73	忒
73	蓺
73	怛
73	剄
73	蔓
73	掇
73	穫
72	菲
72	絺
72	袂
72	裸
72	佑
72	頻
72	螻
72	跣
72	綸
72	謾
72	蠆
72	箠
72	踞
72	閤
72	腋
72	儆
72	硬
71	黻
71	罟
71	鑠
71	翰
71	鄣
71	嫚
71	鞍
71	邁
71	判
71	竿
71	烽
71	窘
71	劓
71	疋
71	郃
70	滔
70	煖
70	屑
70	嫂
70	漬
70	個
70	鷙
70	猷
70	粲
70	盂
70	姿
70	陬
70	虺
70	稀
70	俘
70	袤
69	庠
69	飧
69	揣
69	瘍
69	局
69	賵
69	托
69	簋
69	耐
69	纁
69	拳
69	帑
69	翩
69	璣
69	控
69	鞬
69	鄆
68	悴
68	謨
68	縫
68	鈇
68	麓
68	癘
68	撞
68	塊
68	詢
68	藿
68	鞏
68	珥
68	枹
68	葭
68	酆
68	貂
68	罽
68	暠
67	醯
67	淹
67	甬
67	湎
67	貺
67	粹
67	酤
67	儻
67	搆
67	氂
67	湟
67	鄯
67	疝
66	竈
66	皙
66	綽
66	耜
66	殛
66	糜
66	巂
66	礪
66	刳
66	蟠
66	鄗
66	窕
66	倖
66	郝
66	沱
66	醇
66	娥
65	餼
65	鎰
65	餕
65	卮
65	溲
65	鎬
65	謫
65	哺
65	坑
65	霽
65	綵
65	壓
65	瑰
65	紿
65	鴆
65	曄
64	嬪
64	頹
64	赭
64	胙
64	罹
64	聵
64	雚
64	肇
64	犍
63	餽
63	揜
63	襚
63	奎
63	囹
63	柘
63	紐
63	攫
63	跳
63	屮
63	洲
63	針
63	梯
63	座
63	攣
63	糲
63	翱
63	詆
63	緱
63	驁
63	瞢
63	澀
63	琬
63	彧
62	洿
62	緦
62	碑
62	痤
62	溷
62	琮
62	刈
62	勵
62	罃
62	网
62	广
61	惛
61	聿
61	櫛
61	龠
61	鶡
61	粉
61	熬
61	肴
61	炳
61	傒
61	禳
61	咫
61	陌
61	闥
61	絫
61	譙
61	踊
60	匏
60	蔬
60	隼
60	儐
60	讌
60	鵒
60	鬚
60	貰
60	瑯
59	鳶
59	跂
59	甕
59	祫
59	嚌
59	跨
59	截
59	皁
59	媯
59	劭
58	簞
58	沂
58	粒
58	沓
58	詈
58	祔
58	溜
58	坼
58	泆
58	愴
58	畿
58	筦
58	宙
58	畋
58	犨
58	纏
58	邈
58	悽
58	媾
58	蒍
58	蝨
58	駙
58	訛
57	迅
57	霄
57	妣
57	壟
57	踦
57	瘖
57	徽
57	嘿
57	猒
57	膈
57	徧
57	輓
57	刁
57	毐
57	磐
57	誌
57	濤
57	妊
57	僉
57	停
57	該
57	獘
57	耑
56	覿
56	皿
56	髦
56	蟜
56	泛
56	捍
56	搔
56	泠
56	枲
56	茵
56	堊
56	樽
56	券
56	贅
56	猴
56	迴
56	暫
56	浞
56	嫣
56	墯
56	沴
56	斜
55	庾
55	芸
55	蹠
55	笥
55	瑣
55	侏
55	堇
55	懌
55	旒
55	恪
55	的
55	覃
55	泮
55	棧
55	仄
55	薰
55	徭
55	舄
55	劑
55	黽
55	靳
55	悸
55	鷄
55	牒
54	騂
54	芥
54	扣
54	淇
54	閹
54	咳
54	奭
54	媿
54	逍
54	丐
54	廊
54	恙
54	紡
54	穗
54	佳
54	縊
54	覈
54	爍
53	沼
53	耘
53	貿
53	罘
53	騮
53	麇
53	蜩
53	刊
53	纂
53	秬
53	挹
53	閶
53	禋
53	椽
53	穹
53	闌
53	汭
53	緄
53	耎
52	佛
52	蹴
52	莘
52	皞
52	糗
52	輝
52	衎
52	蹕
52	闋
52	梨
52	惇
52	蠢
52	迄
52	劌
52	併
52	眷
52	瞋
52	矰
52	跗
52	篆
52	薳
52	悶
52	豉
52	泊
52	髯
52	奕
52	臍
52	誖
52	痏
52	芩
51	煢
51	庳
51	繳
51	鴞
51	蛾
51	憯
51	緝
51	僂
51	窳
51	鶩
51	顒
51	譁
51	淨
51	狙
51	怫
51	躋
51	霖
51	茀
51	鑪
51	攀
51	躡
51	碣
51	綜
51	渤
50	佾
50	魋
50	祜
50	戢
50	饔
50	啜
50	冪
50	蜃
50	鉶
50	鑊
50	捶
50	懣
50	擔
50	戇
50	隳
50	怙
50	澗
50	隤
50	黠
50	馥
50	毌
50	幵
49	氓
49	鸇
49	畎
49	覩
49	蔟
49	縶
49	飴
49	噦
49	貽
49	毳
49	紵
49	詬
49	芷
49	廡
49	猜
49	稠
49	霤
49	牘
49	嶺
49	宄
49	綈
49	蛭
49	菁
49	齮
49	讚
49	柞
49	寑
49	棱
49	种
49	痞
48	疚
48	涅
48	璞
48	耄
48	肄
48	鼉
48	遄
48	鏘
48	紲
48	櫓
48	菅
48	翮
48	鏃
48	煉
48	紈
48	黶
48	猿
48	堙
48	澆
48	蝦
48	泯
48	癉
48	悛
48	譟
48	濊
48	賛
48	驍
48	眛
47	桴
47	慾
47	憾
47	襜
47	諶
47	繚
47	褊
47	擘
47	厎
47	旻
47	孩
47	誑
47	蔞
47	蛤
47	荔
47	澄
47	臑
47	潢
47	郟
47	祓
47	臏
47	鈍
47	陝
47	姪
47	柚
47	諜
47	疊
47	叫
47	療
47	瀨
47	辦
47	煇
47	髟
47	彳
46	煥
46	麑
46	扃
46	塋
46	讞
46	袞
46	稿
46	尻
46	圈
46	悵
46	浹
46	魅
46	擿
46	喈
46	咺
46	潞
46	倮
46	寥
46	刪
46	憒
46	戀
46	沅
46	厂
45	坦
45	怡
45	襁
45	莞
45	邠
45	甑
45	匍
45	壙
45	翅
45	頂
45	汪
45	閽
45	鼽
45	玦
45	燠
45	嘯
45	杅
45	瑜
45	燋
45	秣
45	翹
45	嗛
45	斿
45	殞
45	雝
45	褓
45	彩
45	峨
45	腕
45	呈
45	衘
45	酇
45	那
45	駰
45	穨
44	繅
44	窟
44	餔
44	鬣
44	佼
44	浣
44	簟
44	啐
44	溥
44	秏
44	蚊
44	虻
44	埴
44	諍
44	啞
44	嫪
44	菌
44	澠
44	嚚
44	襟
44	闐
44	住
44	緹
44	掉
44	汨
44	蠃
44	豳
44	妬
44	縻
44	鐔
44	箇
43	棣
43	片
43	寮
43	儼
43	蕘
43	逄
43	跋
43	袪
43	磔
43	杓
43	剡
43	鰌
43	售
43	蛩
43	鋸
43	諤
43	黷
43	醒
43	蝮
43	淩
43	桷
43	隋
43	慷
43	聯
43	殪
43	郄
43	叚
43	暘
43	眠
43	慬
43	囗
43	廿
42	倩
42	饜
42	匐
42	榛
42	萎
42	疥
42	紘
42	衿
42	胞
42	矇
42	楛
42	懋
42	悁
42	霣
42	郛
42	冗
42	璆
42	臟
42	町
42	豸
42	蕙
42	莋
41	彬
41	裼
41	滄
41	凱
41	矧
41	罝
41	忝
41	笏
41	釀
41	萑
41	鋪
41	愀
41	鯈
41	嵬
41	蘆
41	鷇
41	虒
41	誇
41	凋
41	瑁
41	毗
41	郕
41	邽
41	癃
41	娠
41	俶
41	蹤
41	瘕
41	梔
40	洫
40	櫝
40	油
40	瞍
40	洧
40	孑
40	錡
40	坊
40	醮
40	縵
40	膕
40	睪
40	羑
40	栩
40	瑩
40	臆
40	涯
40	企
40	狁
40	額
40	桔
40	僰
40	讝
39	斐
39	縕
39	蕢
39	拯
39	睨
39	餉
39	祼
39	緜
39	簧
39	墉
39	腆
39	蔭
39	諦
39	憊
39	螭
39	鑑
39	喑
39	樵
39	岡
39	蘊
39	忻
39	崤
39	鴝
39	垠
39	杳
39	躓
39	紇
39	汧
39	鶂
39	慼
39	窋
39	鄖
39	妺
39	痾
38	紺
38	杠
38	懟
38	紼
38	宝
38	翣
38	堤
38	麃
38	啖
38	妲
38	垓
38	製
38	峭
38	眄
38	縈
38	盬
38	蒜
38	沌
38	攬
38	晡
38	了
38	耇
38	糶
38	衂
38	狃
38	衄
38	菀
38	疸
38	㫄
38	卪
37	弈
37	獺
37	胄
37	虡
37	螳
37	嚏
37	雊
37	輈
37	恍
37	禿
37	捽
37	翫
37	惙
37	淚
37	昨
37	墬
37	孜
37	例
37	埒
37	蔚
37	婼
37	膂
37	晃
37	筥
37	暱
37	肣
37	廾
37	歺
36	羡
36	戕
36	姣
36	駘
36	纊
36	拭
36	傴
36	楷
36	晻
36	栝
36	琦
36	昃
36	吮
36	榜
36	棋
36	濩
36	匝
36	呴
36	淒
36	涎
36	榦
36	茸
36	顆
36	棐
36	沔
36	颯
36	冂
35	撻
35	阱
35	鵝
35	摽
35	湍
35	蹊
35	莠
35	帚
35	褰
35	麴
35	臊
35	媧
35	祧
35	詒
35	藟
35	綆
35	僥
35	遞
35	鉛
35	萋
35	鍛
35	湫
35	鄶
35	愕
35	葅
35	箱
35	麞
35	榷
35	廱
35	勑
35	浙
35	匣
35	泝
35	銚
35	謇
35	餅
35	翬
35	湆
34	盼
34	訥
34	膾
34	慟
34	憔
34	慊
34	澮
34	彀
34	膻
34	觜
34	氛
34	睫
34	鱣
34	琁
34	舛
34	燃
34	訣
34	礫
34	羝
34	暍
34	咀
34	薇
34	鉉
34	鬢
34	掣
34	醪
34	駹
34	卅
34	秘
34	霑
34	隃
34	膜
34	矦
33	褻
33	點
33	訐
33	蚓
33	溱
33	淅
33	柷
33	婺
33	揄
33	柶
33	譔
33	撮
33	駁
33	慆
33	蟣
33	裾
33	脰
33	尨
33	馨
33	擣
33	唁
33	郜
33	澍
33	塚
33	捫
33	聳
33	詿
33	絹
33	焱
33	杭
33	臝
33	瀕
33	挐
33	纚
33	軺
33	抄
33	駝
33	彄
33	彡
33	楅
33	趺
32	惴
32	諄
32	蟹
32	餧
32	蜋
32	嘏
32	韍
32	檐
32	斁
32	櫜
32	槍
32	狌
32	匽
32	蜮
32	佻
32	抉
32	倕
32	珉
32	遒
32	蒺
32	愎
32	怏
32	秕
32	欷
32	詁
32	臿
32	睡
32	嬉
32	諼
32	鼷
32	喁
32	阡
32	瘁
32	頷
32	蔣
32	蚌
32	軟
32	懇
32	愔
32	皎
32	琳
32	閬
32	捲
32	駐
32	獫
32	胕
32	痓
32	㫃
32	脘
31	鏗
31	訕
31	賚
31	赧
31	歃
31	漱
31	旐
31	柤
31	胠
31	挂
31	俳
31	厤
31	徊
31	鈹
31	胝
31	滲
31	嗥
31	紱
31	剔
31	搤
31	叡
31	薺
31	瞳
31	茈
31	啗
31	堞
31	腑
31	柢
31	臞
31	茫
31	竝
31	軿
31	癡
31	繻
31	屎
31	溶
31	裴
31	貙
31	樅
31	駼
30	忮
30	綌
30	孥
30	歠
30	悄
30	軨
30	畛
30	薤
30	劬
30	鼙
30	墠
30	睿
30	旆
30	層
30	藹
30	憧
30	鄄
30	仿
30	潭
30	嶢
30	葱
30	芊
30	睚
30	儵
30	褭
30	卉
30	泱
30	騑
30	縹
30	泓
30	訝
30	巠
29	沽
29	栖
29	畦
29	很
29	睟
29	藐
29	榱
29	胾
29	漉
29	酪
29	罍
29	笠
29	儕
29	縢
29	塾
29	倀
29	僨
29	矞
29	軋
29	歜
29	赳
29	姐
29	鴛
29	蠕
29	芟
29	繈
29	躄
29	蹲
29	忳
29	筩
29	闓
29	鱄
29	袴
29	湮
29	罌
29	酖
29	闡
29	郴
29	塘
29	翏
29	賕
29	杻
29	尗
29	夊
28	梲
28	踧
28	漯
28	眸
28	斑
28	猋
28	簠
28	酳
28	剸
28	瓶
28	闈
28	玷
28	撟
28	徘
28	銛
28	岷
28	羖
28	彷
28	揉
28	陜
28	厝
28	轢
28	搴
28	姝
28	鴦
28	讟
28	柎
28	島
28	鑕
28	叨
28	虙
28	遨
28	闞
28	怳
28	坻
28	彖
28	鼂
28	唫
28	撝
28	琰
28	譆
28	轘
28	泲
28	郿
28	塢
28	薁
28	戔
28	䖵
27	狷
27	耰
27	憮
27	觳
27	綢
27	眊
27	馘
27	觿
27	鞶
27	紝
27	勛
27	祅
27	瘉
27	緘
27	縗
27	貯
27	稔
27	榖
27	蘩
27	轍
27	羋
27	諮
27	捄
27	沬
27	虱
27	楨
27	襃
27	髻
27	薏
27	苡
27	倭
27	銓
27	笮
27	辠
27	鯁
27	叉
27	鏑
27	樛
27	糈
27	轔
27	姁
27	甾
27	騅
27	蹋
27	糒
27	洌
27	羯
27	殲
27	旟
27	淋
27	鄠
27	暹
27	溏
26	坫
26	筲
26	怍
26	廛
26	掊
26	攖
26	繢
26	螾
26	蟀
26	謔
26	刮
26	呻
26	糅
26	惚
26	培
26	苕
26	賃
26	烙
26	蛙
26	縉
26	喋
26	軛
26	嗽
26	膊
26	紓
26	俸
26	腊
26	螘
26	媮
26	衒
26	噓
26	鈴
26	遘
26	獎
26	莪
26	恊
26	邀
26	毉
26	殼
26	絓
26	翡
26	桼
26	蠣
26	芋
26	畱
25	瓢
25	飪
25	荏
25	齕
25	桮
25	軔
25	窶
25	緌
25	苫
25	蟋
25	摭
25	褎
25	遫
25	穎
25	塤
25	話
25	喧
25	埤
25	絻
25	玕
25	嫫
25	燈
25	澶
25	掛
25	煞
25	棫
25	橑
25	嶷
25	旡
25	蜉
25	腓
25	盭
25	蛛
25	熨
25	粺
25	晳
25	拓
25	蓏
25	綝
25	棓
25	撣
25	棿
25	枋
25	隈
25	豔
25	媛
25	暈
25	甗
25	薜
25	黏
25	匄
25	譜
25	邶
25	缮
25	犮
25	眞
25	夋
25	㝱
24	誾
24	憫
24	柝
24	墊
24	簀
24	瑱
24	鍵
24	祊
24	蕡
24	搗
24	葷
24	厘
24	矍
24	覯
24	邲
24	嬙
24	蝝
24	肓
24	芃
24	邰
24	圻
24	蟆
24	楮
24	鋤
24	斮
24	玆
24	躒
24	脤
24	蜎
24	鎛
24	檷
24	窗
24	迕
24	銍
24	眭
24	媟
24	鄜
24	扼
24	瑾
24	賾
24	韜
24	咷
24	雇
24	傜
24	郇
24	漦
24	漚
24	橿
24	褕
24	飱
24	鎧
24	淯
24	顥
24	佽
24	筰
24	憖
24	骥
24	戉
24	昜
24	旣
24	跟
24	茱
24	萸
24	仌
24	尖
23	瑚
23	踖
23	霓
23	蚋
23	扱
23	芽
23	螣
23	肵
23	捭
23	剪
23	邃
23	嘽
23	揔
23	芑
23	蘋
23	擠
23	祲
23	靷
23	咄
23	拉
23	隻
23	噎
23	蠋
23	鯢
23	痹
23	悒
23	捧
23	玃
23	啇
23	蓮
23	悚
23	臀
23	哆
23	儷
23	旰
23	柟
23	餞
23	駔
23	鸜
23	埳
23	嶲
23	韱
23	缾
23	稜
23	歔
23	禜
23	兀
23	悗
23	娟
23	讬
23	衙
23	瘛
23	郾
23	騊
23	虍
23	霿
23	冘
23	梵
23	緫
23	癲
22	縲
22	窬
22	徯
22	疢
22	朞
22	侄
22	饘
22	汰
22	絇
22	萍
22	韠
22	禨
22	纘
22	啻
22	嚼
22	抇
22	汋
22	阤
22	茇
22	鍊
22	珮
22	眴
22	錘
22	畚
22	蹂
22	鑣
22	晞
22	棊
22	惓
22	鯨
22	徨
22	懃
22	裒
22	瑀
22	邱
22	霏
22	呱
22	揵
22	批
22	蝯
22	衺
22	籀
22	圮
22	噉
22	韙
22	炫
22	燉
22	覬
22	贓
22	爐
22	湧
22	轄
22	棼
22	觥
22	鉦
22	茭
22	痔
22	癭
22	寞
22	潮
22	斡
22	菊
22	虯
22	宕
22	阮
22	痼
22	叕
22	栒
22	醳
22	冄
22	鞫
22	焞
22	貜
22	炕
22	穜
22	脀
22	匚
21	閾
21	柙
21	迨
21	吒
21	胔
21	鞀
21	攢
21	楣
21	鈆
21	窌
21	訞
21	枸
21	礱
21	埏
21	蛻
21	荐
21	婬
21	泜
21	砂
21	璿
21	昂
21	麛
21	伶
21	隩
21	蓂
21	纔
21	饟
21	誚
21	惔
21	騠
21	惄
21	竺
21	惞
21	航
21	犒
21	鷰
21	鬷
21	闒
21	姞
21	筍
21	努
21	澒
21	蜻
21	澧
21	砭
21	摹
21	漣
21	笱
21	屣
21	硝
21	幢
21	徠
21	厓
21	陔
21	遝
21	厹
21	潏
21	脽
21	侶
21	尃
21	敫
21	芙
21	勗
21	冓
21	鷺
21	丌
21	鼏
20	皦
20	侗
20	麀
20	杌
20	昬
20	儗
20	髽
20	禫
20	秫
20	蠟
20	禎
20	諠
20	墝
20	扆
20	喝
20	鮫
20	惆
20	甽
20	胼
20	轝
20	仗
20	廧
20	斶
20	昇
20	騄
20	蓑
20	砮
20	熇
20	鐫
20	慴
20	拇
20	箝
20	廂
20	饕
20	蝥
20	蛉
20	駃
20	鍤
20	詎
20	炬
20	厖
20	壻
20	拆
20	毆
20	摎
20	憺
20	趍
20	崢
20	廞
20	櫂
20	斌
20	曀
20	挽
20	楗
20	瑑
20	逶
20	鈐
20	轀
20	攄
20	僦
20	陼
20	謼
20	涔
20	諝
20	芎
20	鷖
20	釗
20	靚
20	饨
20	痍
20	閟
20	颺
20	瘤
20	毖
20	紙
20	醋
20	悺
20	顗
20	瞤
20	衞
20	亏
20	丩
20	籒
20	肙
20	䯒
20	芤
19	忖
19	垤
19	檮
19	渫
19	蹌
19	泫
19	帟
19	溽
19	齡
19	甒
19	噍
19	笫
19	錙
19	耋
19	炤
19	唅
19	机
19	犴
19	橛
19	芾
19	廈
19	飡
19	踒
19	鏌
19	獮
19	憶
19	幻
19	鎌
19	彎
19	汔
19	毚
19	籬
19	忱
19	靬
19	旭
19	唏
19	確
19	儔
19	扛
19	嚶
19	汩
19	庀
19	踣
19	犇
19	傚
19	濃
19	嫄
19	吻
19	瀛
19	瘈
19	䐜
19	醊
19	轓
19	斄
19	鐃
19	鷂
19	芰
19	犖
19	蚘
19	閈
19	熛
19	嬗
19	齲
19	襌
19	纛
19	鉆
19	浿
19	郪
19	趯
19	郚
19	佷
19	洵
19	悊
19	冽
19	腾
19	鷩
19	㻬
19	琈
19	朿
19	䜌
19	夂
18	磋
18	撤
18	儺
18	貔
18	幬
18	杪
18	礿
18	骼
18	焫
18	稌
18	扉
18	楬
18	沿
18	豭
18	牷
18	輮
18	麷
18	薉
18	畸
18	薶
18	傀
18	曶
18	堀
18	秭
18	湔
18	蛄
18	窅
18	暝
18	扑
18	鶬
18	眯
18	杷
18	訶
18	倏
18	模
18	嗷
18	忉
18	礙
18	摘
18	遹
18	㬥
18	遟
18	評
18	飫
18	崎
18	緻
18	瘀
18	玁
18	揲
18	彙
18	換
18	嘒
18	灊
18	昵
18	蘢
18	暄
18	洼
18	躇
18	踶
18	椓
18	洹
18	皂
18	鋋
18	肋
18	玳
18	夐
18	恫
18	嶧
18	爇
18	酅
18	祋
18	壖
18	鄔
18	茷
18	档
18	录
18	䨼
18	痠
18	㐱
18	囟
18	咅
18	敄
18	瞏
18	倝
18	勹
18	晜
18	腧
17	侃
17	拖
17	浼
17	鼃
17	瞭
17	猩
17	疐
17	尪
17	个
17	眺
17	斝
17	枌
17	匜
17	睇
17	紟
17	紃
17	褘
17	圂
17	煦
17	躅
17	躕
17	訿
17	僈
17	祺
17	汏
17	貣
17	娉
17	嘖
17	謷
17	鎗
17	啍
17	瘼
17	逅
17	萯
17	幃
17	骫
17	翻
17	茆
17	窆
17	彿
17	臬
17	溧
17	燬
17	齔
17	确
17	陲
17	孱
17	霰
17	娀
17	締
17	摻
17	漻
17	鬩
17	釭
17	逌
17	諏
17	髆
17	蜘
17	蹉
17	䈥
17	蟾
17	萐
17	臽
17	沚
17	朓
17	髭
17	璫
17	縳
17	桉
17	珌
17	屐
17	巒
17	澼
17	枘
17	趎
17	芣
17	刷
17	插
17	竣
17	甿
17	櫨
17	藭
17	鋗
17	犛
17	啎
17	騾
17	鄱
17	秺
17	騤
17	忡
17	葶
17	幺
17	禧
17	羣
17	辀
17	尞
17	臤
17	丮
17	丂
17	醎
16	廋
16	梃
16	儛
16	滸
16	黝
16	詖
16	櫱
16	噭
16	梱
16	僬
16	腯
16	袷
16	鮐
16	洙
16	鞞
16	篪
16	窖
16	癢
16	酏
16	襢
16	踟
16	懍
16	殣
16	淈
16	踔
16	抒
16	邂
16	跽
16	裯
16	蹐
16	鬵
16	荄
16	欃
16	鸃
16	瑋
16	臠
16	搶
16	岩
16	蒹
16	佃
16	閫
16	跬
16	舋
16	誶
16	錞
16	纆
16	釆
16	闉
16	埸
16	顱
16	睎
16	臯
16	璠
16	勖
16	繽
16	娑
16	裙
16	薔
16	籟
16	钁
16	螺
16	迥
16	蜍
16	洎
16	蝎
16	觟
16	夥
16	鎖
16	祏
16	蔕
16	慙
16	恧
16	鐻
16	嗃
16	兇
16	濬
16	遬
16	紜
16	䵂
16	綣
16	絆
16	嚨
16	逯
16	朅
16	杕
16	沇
16	嫖
16	沆
16	灂
16	仡
16	蘀
16	涪
16	磕
16	秅
16	蟊
16	厶
16	駉
16	㨎
16	丨
16	毄
16	喿
16	霝
16	吅
16	屰
16	腨
16	㕮
15	盻
15	纑
15	摳
15	嚙
15	弣
15	掬
15	頎
15	覘
15	敔
15	蘗
15	芼
15	茝
15	糝
15	腒
15	澡
15	繘
15	鐙
15	輶
15	柬
15	倜
15	瞞
15	摠
15	掎
15	瑳
15	檠
15	蜓
15	悃
15	箘
15	跼
15	菶
15	鵔
15	濼
15	獷
15	勻
15	晰
15	訏
15	觝
15	嶮
15	攓
15	噰
15	郳
15	剉
15	鋌
15	霞
15	觕
15	璵
15	餬
15	泳
15	枵
15	鑾
15	槀
15	慱
15	楩
15	倣
15	瀝
15	逖
15	埆
15	欄
15	囓
15	熯
15	鼇
15	磑
15	舩
15	鶵
15	琊
15	蹯
15	据
15	廑
15	龢
15	箏
15	鮦
15	拏
15	櫬
15	弢
15	杙
15	捉
15	峙
15	壼
15	苢
15	驤
15	髪
15	釱
15	嶓
15	讋
15	嫳
15	疌
15	咒
15	頟
15	蓉
15	珊
15	嵯
15	驒
15	嶸
15	雰
15	耏
15	獒
15	諓
15	罳
15	蜥
15	嬢
15	褱
15	潼
15	齗
15	晊
15	蝀
15	藶
15	濈
15	痒
15	駜
15	虩
15	䠶
15	畐
15	卽
15	夗
15	帀
15	蒦
15	粦
15	皀
15	顴
14	繪
14	磷
14	餱
14	稗
14	嵎
14	薌
14	楔
14	禖
14	鴽
14	遰
14	菱
14	鴇
14	姆
14	褲
14	紕
14	祛
14	綪
14	膴
14	訃
14	愾
14	肫
14	蓁
14	憍
14	琱
14	鍪
14	驊
14	娵
14	茞
14	蝣
14	欹
14	蠖
14	抶
14	猳
14	闟
14	翥
14	橢
14	倅
14	罄
14	苹
14	荓
14	澌
14	蝟
14	髖
14	痱
14	窾
14	吃
14	嬌
14	膢
14	聆
14	堆
14	皤
14	䘏
14	猨
14	紩
14	䍧
14	騃
14	跱
14	瀸
14	噪
14	嚥
14	訂
14	濛
14	蜼
14	圯
14	噤
14	虓
14	擐
14	碓
14	螮
14	榻
14	碏
14	燀
14	閡
14	陴
14	葩
14	葺
14	酲
14	鑱
14	惋
14	狖
14	認
14	蛆
14	唶
14	踡
14	譫
14	棨
14	捎
14	涒
14	灘
14	蘿
14	梢
14	咼
14	箄
14	翽
14	澨
14	绖
14	鄀
14	阸
14	扜
14	檇
14	仟
14	厀
14	逗
14	麈
14	轑
14	漷
14	嬋
14	翌
14	崟
14	盩
14	峺
14	楙
14	篩
14	蜴
14	瘢
14	瞰
14	漊
14	箙
14	椶
14	麢
14	䍃
14	䡘
14	朁
14	枼
14	丿
14	㱃
14	隶
14	亼
14	黹
14	炅
14	䀮
14	㿉
13	鼈
13	莩
13	頞
13	裎
13	捆
13	哇
13	瞷
13	岌
13	磽
13	紾
13	瀾
13	鸚
13	闑
13	韔
13	粻
13	籧
13	蚯
13	妥
13	紉
13	刲
13	篹
13	拚
13	幠
13	嘩
13	葑
13	笔
13	啁
13	滃
13	僄
13	焠
13	芴
13	邅
13	畾
13	奩
13	燻
13	螂
13	緤
13	慓
13	膰
13	褥
13	餗
13	殂
13	簸
13	孅
13	鎩
13	蹍
13	珩
13	鋏
13	謐
13	鴳
13	琨
13	迮
13	狶
13	迤
13	僣
13	巇
13	紏
13	蘖
13	佪
13	嬈
13	豊
13	謟
13	饁
13	覦
13	啾
13	帖
13	舀
13	仳
13	楓
13	蟯
13	偫
13	濆
13	䎡
13	毓
13	朦
13	洶
13	頫
13	鍠
13	笛
13	餚
13	没
13	牀
13	馹
13	躊
13	鵰
13	隍
13	垝
13	碌
13	苻
13	屩
13	糱
13	瓴
13	壚
13	飆
13	賸
13	觖
13	躔
13	饎
13	鄃
13	鄳
13	猲
13	磊
13	塈
13	鄩
13	偁
13	騩
13	煨
13	嫕
13	厔
13	賒
13	瘲
13	儿
13	郗
13	粳
13	亘
13	詵
13	椐
13	胳
13	豦
13	隺
13	乇
13	菐
13	宁
13	㐭
13	懊
12	犂
12	硜
12	适
12	牣
12	棬
12	麰
12	檟
12	繐
12	椑
12	昕
12	琥
12	蝸
12	枇
12	欑
12	儇
12	滈
12	噂
12	涫
12	瞶
12	簬
12	摐
12	酗
12	鐮
12	瘐
12	猖
12	淠
12	噣
12	苣
12	箎
12	鸛
12	槱
12	髑
12	粕
12	崧
12	擲
12	綾
12	晢
12	稊
12	鼬
12	隮
12	焰
12	噩
12	鎔
12	曝
12	黛
12	羇
12	拍
12	刓
12	譊
12	匯
12	偟
12	羶
12	黮
12	讜
12	扐
12	苖
12	溟
12	頴
12	藁
12	鰓
12	瀏
12	沍
12	氈
12	䖝
12	灃
12	荻
12	潺
12	湲
12	叜
12	嚇
12	掔
12	纳
12	鰕
12	呦
12	孌
12	蒂
12	墀
12	夤
12	蔾
12	銕
12	嬛
12	錶
12	剞
12	霾
12	鷁
12	篨
12	棁
12	姨
12	濰
12	鸱
12	睔
12	軑
12	昳
12	佰
12	胛
12	娃
12	眙
12	淤
12	鍚
12	鄅
12	銑
12	韎
12	烃
12	佟
12	沁
12	缅
12	曇
12	逴
12	戩
12	魃
12	姱
12	佇
12	锱
12	豖
12	靁
12	湑
12	㠯
12	劦
12	咠
12	卂
12	㓞
12	殸
12	愼
12	离
12	壴
12	辡
12	髃
12	尿
12	鼄
12	䐃
12	黅
12	憹
11	絏
11	饐
11	鼗
11	墁
11	訑
11	殀
11	撙
11	帨
11	萁
11	睆
11	杝
11	菆
11	冔
11	禡
11	菰
11	慌
11	謖
11	禴
11	鵜
11	偵
11	哨
11	瀌
11	鈃
11	抃
11	喤
11	覡
11	哅
11	簾
11	佹
11	洸
11	哽
11	鷦
11	鄟
11	鸑
11	恡
11	睛
11	醞
11	縭
11	絿
11	輳
11	黧
11	旍
11	惏
11	巛
11	鳲
11	蹔
11	裋
11	輹
11	諗
11	趮
11	禔
11	詼
11	謌
11	瘣
11	槌
11	舫
11	債
11	嶇
11	巵
11	釘
11	冡
11	攪
11	燼
11	伾
11	飂
11	遡
11	紗
11	獼
11	鑰
11	苽
11	撾
11	帽
11	逑
11	迓
11	舳
11	薆
11	絝
11	俚
11	蚕
11	摸
11	紬
11	陞
11	嗔
11	髣
11	樠
11	鷸
11	涘
11	鵷
11	髏
11	搉
11	莧
11	嶠
11	錣
11	妍
11	瘻
11	偓
11	鄘
11	煒
11	蜿
11	邗
11	曖
11	廥
11	廆
11	剟
11	蘪
11	蝚
11	櫎
11	倳
11	傺
11	幎
11	绺
11	獐
11	蒢
11	龁
11	媭
11	鼐
11	洨
11	镪
11	畯
11	咢
11	篝
11	酂
11	沕
11	鵁
11	悤
11	鄑
11	柲
11	咈
11	壝
11	疹
11	棻
11	鍭
11	涞
11	縯
11	哣
11	朏
11	釃
11	牁
11	暧
11	頍
11	夌
11	軷
11	畟
11	晶
11	鳸
11	笭
11	爿
11	㚇
11	亾
11	畺
11	䇂
11	巤
11	虘
11	甹
11	丵
11	殹
11	叀
11	䀠
11	褸
11	巜
10	輗
10	杇
10	韞
10	奡
10	騧
10	泚
10	忸
10	荑
10	戹
10	鬋
10	茢
10	醆
10	撅
10	鷃
10	蚳
10	鱮
10	胖
10	詻
10	綍
10	赬
10	紞
10	凄
10	偝
10	擭
10	蹢
10	篳
10	僩
10	諟
10	鍥
10	蝡
10	抏
10	鞈
10	祆
10	蹎
10	蝘
10	潸
10	藂
10	愊
10	堁
10	癬
10	鴥
10	熸
10	捃
10	甂
10	泌
10	睠
10	芭
10	菼
10	俓
10	橡
10	禬
10	戛
10	佈
10	桶
10	鍉
10	熅
10	胻
10	儃
10	蹟
10	瘺
10	摺
10	劃
10	押
10	淆
10	捋
10	譸
10	閥
10	椅
10	扺
10	穽
10	璩
10	楸
10	邘
10	葴
10	蜄
10	鍜
10	坂
10	痟
10	闃
10	詮
10	窠
10	罦
10	挻
10	惘
10	惎
10	顚
10	椹
10	鍰
10	豁
10	稯
10	顫
10	團
10	昉
10	滴
10	狠
10	蚑
10	骴
10	覜
10	獠
10	杲
10	蟉
10	檿
10	楢
10	犓
10	繄
10	瓮
10	复
10	鷫
10	潯
10	薠
10	党
10	婪
10	袀
10	爟
10	鏦
10	囁
10	頏
10	嶄
10	侁
10	穄
10	瀍
10	辚
10	唊
10	堧
10	哥
10	襤
10	櫻
10	蓀
10	旖
10	泂
10	歂
10	檉
10	縋
10	郫
10	咮
10	鍇
10	憝
10	琉
10	璃
10	婧
10	恁
10	娭
10	柜
10	柅
10	汴
10	岵
10	屆
10	藷
10	湝
10	頄
10	笴
10	鋝
10	庿
10	挩
10	䞓
10	㸲
10	棃
10	蚍
10	垔
10	㒼
10	茻
10	寽
10	冎
10	坴
10	㣇
10	丯
10	簁
10	彑
10	尣
10	夰
10	匸
10	礬
9	椁
9	皜
9	熄
9	螬
9	茁
9	儳
9	枷
9	縿
9	躐
9	簨
9	縓
9	輴
9	拌
9	吶
9	韣
9	墐
9	線
9	滫
9	幦
9	綃
9	豻
9	觡
9	僾
9	逭
9	菉
9	笲
9	翾
9	檃
9	抴
9	嚾
9	靦
9	瘥
9	諰
9	崒
9	蔆
9	髕
9	拑
9	剗
9	芘
9	枻
9	鱓
9	鷟
9	猬
9	縟
9	傞
9	溴
9	倬
9	磏
9	慇
9	卣
9	噴
9	琚
9	怅
9	稃
9	抎
9	阽
9	甓
9	鬐
9	鞔
9	栘
9	鞹
9	疣
9	蚖
9	灝
9	遴
9	龕
9	籲
9	秪
9	罩
9	蕕
9	婆
9	聒
9	鍔
9	朡
9	罾
9	蠒
9	蠐
9	稺
9	禼
9	羗
9	䖟
9	鴣
9	襞
9	蕞
9	齰
9	怕
9	礥
9	跙
9	迵
9	瘱
9	藎
9	䦯
9	酹
9	盃
9	惝
9	骭
9	曙
9	勦
9	丰
9	竁
9	稈
9	榼
9	鯤
9	爝
9	蝶
9	讁
9	怊
9	曏
9	舐
9	荃
9	羭
9	坰
9	砰
9	芹
9	蝙
9	佺
9	湄
9	岫
9	玫
9	醲
9	舡
9	萩
9	葍
9	磧
9	幔
9	佴
9	囪
9	甀
9	靃
9	簦
9	幷
9	芄
9	歫
9	鴠
9	癩
9	毇
9	弑
9	槽
9	挃
9	繶
9	壎
9	杶
9	嵕
9	翚
9	腄
9	馕
9	祤
9	朸
9	陖
9	醻
9	娙
9	愒
9	煑
9	莝
9	牾
9	褌
9	瀣
9	閜
9	橙
9	趡
9	萄
9	獳
9	鄾
9	瞫
9	迋
9	喦
9	戡
9	鏵
9	玼
9	湨
9	簜
9	臷
9	俅
9	棽
9	鍑
9	琫
9	沘
9	恇
9	蘺
9	瞥
9	勰
9	隥
9	帗
9	鴨
9	咥
9	翿
9	暵
9	瀼
9	匊
9	穟
9	憸
9	朵
9	臡
9	媺
9	擩
9	媞
9	韇
9	朼
9	羬
9	泑
9	詨
9	齚
9	芺
9	术
9	雔
9	丗
9	冋
9	㢟
9	甶
9	寕
9	丏
9	冃
9	号
9	嘼
9	亯
9	㲋
9	襾
9	乚
9	㳄
9	䪼
9	屵
9	漐
8	棖
8	悾
8	嗅
8	涖
8	哿
8	艴
8	綯
8	瀹
8	怩
8	欿
8	踽
8	鐏
8	脡
8	洟
8	鵙
8	爓
8	涗
8	縰
8	愓
8	揩
8	栽
8	媢
8	迸
8	胑
8	埵
8	苾
8	罋
8	泔
8	樟
8	藕
8	蟪
8	鄪
8	鷯
8	躧
8	漼
8	簇
8	柸
8	渺
8	佔
8	銼
8	㭊
8	偈
8	濉
8	瘵
8	扢
8	晤
8	蟁
8	菫
8	鞁
8	岨
8	諉
8	忣
8	崛
8	槥
8	撿
8	沄
8	篲
8	凜
8	緰
8	扎
8	曎
8	鶻
8	妘
8	嫺
8	漾
8	歉
8	詶
8	篠
8	杆
8	磁
8	嚬
8	惽
8	噞
8	坏
8	絭
8	咋
8	艫
8	趹
8	孿
8	鬍
8	婞
8	牋
8	欻
8	崏
8	韡
8	槷
8	鶚
8	蕉
8	嫠
8	荂
8	柵
8	犗
8	仵
8	氿
8	蹀
8	湩
8	蠓
8	櫾
8	踹
8	伴
8	迆
8	森
8	惷
8	讘
8	罼
8	珧
8	佁
8	岪
8	劋
8	濘
8	呡
8	柂
8	俔
8	轒
8	磿
8	梳
8	櫳
8	窯
8	薈
8	甍
8	蚪
8	貈
8	挏
8	繾
8	蔈
8	樝
8	榑
8	鱔
8	軵
8	黈
8	牿
8	餮
8	罛
8	淬
8	竫
8	臮
8	櫪
8	鄚
8	怱
8	鄡
8	輬
8	萆
8	韤
8	帬
8	癥
8	騱
8	芔
8	輣
8	苜
8	蓿
8	勍
8	朾
8	邿
8	庲
8	囧
8	鱠
8	与
8	鑷
8	褧
8	嶔
8	姍
8	歊
8	傿
8	葽
8	觏
8	泡
8	伻
8	胏
8	蘼
8	縌
8	馺
8	窫
8	瓿
8	褢
8	驄
8	湳
8	疠
8	戫
8	瘴
8	鴰
8	洄
8	蝠
8	紊
8	虣
8	榴
8	騋
8	瀟
8	熠
8	瓞
8	鼖
8	摡
8	鐲
8	渳
8	骹
8	齘
8	顑
8	譌
8	辥
8	匋
8	廴
8	㗊
8	㕯
8	獪
8	尔
8	卩
8	舁
8	隓
8	胗
8	㠭
8	丶
8	梠
8	㯻
8	秊
8	㶾
8	朢
8	愮
8	凓
8	盞
8	痰
7	軏
7	璉
7	躩
7	餲
7	偲
7	浡
7	揠
7	嘬
7	洚
7	摟
7	牼
7	鵡
7	釂
7	騵
7	蟈
7	痁
7	棜
7	腶
7	貓
7	褶
7	鞉
7	畬
7	跲
7	慁
7	澳
7	褫
7	窔
7	瑲
7	軶
7	箾
7	肬
7	蟨
7	拽
7	架
7	艘
7	趼
7	瞠
7	俏
7	晛
7	渰
7	磻
7	幭
7	寍
7	緺
7	蝱
7	韐
7	鏞
7	莆
7	尰
7	膹
7	慉
7	豝
7	酿
7	蠙
7	礐
7	鰋
7	邐
7	憃
7	劘
7	罿
7	槧
7	魑
7	魍
7	魎
7	掫
7	罇
7	戁
7	蚿
7	蜽
7	囑
7	綖
7	餝
7	軓
7	癇
7	挌
7	忪
7	鵬
7	嗤
7	猝
7	穉
7	嘶
7	傫
7	愜
7	鄞
7	筒
7	墆
7	箑
7	觩
7	剬
7	賽
7	喣
7	䣛
7	揀
7	鶤
7	淊
7	蹛
7	釦
7	蜒
7	鏜
7	顔
7	艇
7	槮
7	逕
7	芧
7	蝍
7	翛
7	爚
7	胈
7	虀
7	矉
7	礨
7	甃
7	呿
7	誒
7	藋
7	垸
7	祡
7	矔
7	傰
7	礛
7	麝
7	綷
7	韻
7	看
7	蚼
7	揕
7	薅
7	鵾
7	凊
7	秠
7	芫
7	洳
7	秒
7	鷞
7	玗
7	琪
7	臒
7	蜷
7	畮
7	淢
7	碕
7	焜
7	轊
7	蒻
7	嘰
7	狟
7	絛
7	榘
7	竘
7	訬
7	槎
7	敲
7	螇
7	嗼
7	肂
7	篾
7	繯
7	稑
7	罅
7	鼒
7	邧
7	舝
7	亙
7	鄋
7	胹
7	滏
7	甐
7	妯
7	侘
7	鹢
7	翯
7	锜
7	蘘
7	葰
7	阹
7	輂
7	蕑
7	茜
7	鮆
7	郱
7	禚
7	溠
7	燄
7	頵
7	鄬
7	窀
7	襘
7	瓘
7	岠
7	豲
7	罶
7	稂
7	搯
7	蕖
7	葌
7	橦
7	琛
7	鄮
7	阺
7	瘃
7	嬃
7	惸
7	螗
7	劯
7	蝤
7	炰
7	仓
7	耤
7	脢
7	狽
7	潝
7	滍
7	刔
7	惵
7	总
7	蝃
7	呬
7	䣙
7	㛗
7	葚
7	痗
7	蓷
7	儦
7	貆
7	懮
7	嘵
7	蛸
7	罭
7	薿
7	怲
7	陾
7	敉
7	儥
7	耡
7	溘
7	敶
7	萹
7	簙
7	迻
7	隿
7	䚯
7	樀
7	彔
7	夒
7	虋
7	奥
7	圅
7	荎
7	兹
7	歴
7	㒸
7	癶
7	㞷
7	徥
7	萈
7	戠
7	誩
7	㸚
7	皕
7	雥
7	劒
7	㭒
7	夅
7	䖒
7	㞕
7	䃺
7	晬
7	鼀
7	痎
7	痙
7	㒳
7	罬
7	㡀
7	孨
7	裺
7	夨
7	珡
7	䵹
7	䏚
7	骶
6	袗
6	哂
6	訒
6	僎
6	莅
6	妁
6	鶃
6	恝
6	嘐
6	椸
6	罻
6	犆
6	薙
6	抔
6	橧
6	菺
6	栭
6	幪
6	玟
6	懘
6	輤
6	偯
6	枓
6	挋
6	鬊
6	輇
6	軥
6	棰
6	鰍
6	顇
6	慅
6	尒
6	躑
6	擗
6	徉
6	牸
6	蓆
6	陁
6	憱
6	駬
6	韘
6	菖
6	讕
6	型
6	痂
6	濺
6	瘨
6	荇
6	璇
6	週
6	緁
6	踏
6	澈
6	跦
6	坌
6	櫃
6	眹
6	篁
6	喀
6	吭
6	倥
6	狴
6	瓏
6	玲
6	毈
6	灞
6	訩
6	雘
6	粃
6	瀁
6	廻
6	齟
6	憩
6	嚘
6	惣
6	挍
6	檽
6	偄
6	伇
6	註
6	痡
6	柈
6	䅽
6	暏
6	瀋
6	攷
6	躶
6	烟
6	礚
6	蛚
6	廕
6	卸
6	堡
6	璅
6	鐶
6	溓
6	焯
6	齬
6	迒
6	歍
6	跰
6	蒔
6	睒
6	輆
6	攡
6	晣
6	狢
6	懆
6	塏
6	巋
6	曬
6	麌
6	瞂
6	豵
6	鋙
6	疪
6	鬽
6	椿
6	硎
6	頯
6	偊
6	齏
6	袑
6	噆
6	痀
6	渻
6	胲
6	謦
6	踆
6	侅
6	觭
6	髁
6	扔
6	琭
6	纇
6	瀵
6	欐
6	膞
6	份
6	擷
6	捥
6	駻
6	猱
6	欘
6	柒
6	啀
6	俴
6	誋
6	怷
6	赨
6	鑲
6	幨
6	惢
6	袛
6	䱉
6	莙
6	鍱
6	旛
6	翭
6	棚
6	峰
6	蠉
6	蹪
6	瀚
6	厃
6	礜
6	咆
6	猰
6	鼛
6	櫌
6	筡
6	撚
6	黴
6	鵻
6	攕
6	埜
6	烰
6	脟
6	芡
6	酓
6	髳
6	铚
6	凈
6	餟
6	邔
6	嚵
6	揃
6	廏
6	玈
6	鄏
6	袚
6	缻
6	楪
6	蔗
6	梬
6	硠
6	澥
6	浥
6	砢
6	鴐
6	唼
6	蚴
6	輵
6	茌
6	蚗
6	跕
6	屝
6	蕆
6	檜
6	涑
6	豷
6	穸
6	鴡
6	楄
6	刜
6	弨
6	烜
6	毼
6	鼩
6	庬
6	泭
6	协
6	查
6	㜪
6	屺
6	览
6	寰
6	邡
6	瞆
6	僤
6	㐄
6	俣
6	启
6	蠵
6	鳞
6	拲
6	龚
6	蠜
6	洭
6	狋
6	暆
6	豤
6	澣
6	蓝
6	蘠
6	霅
6	轠
6	獿
6	筳
6	硯
6	髫
6	餳
6	嘲
6	菔
6	邙
6	涷
6	妓
6	漘
6	映
6	蒩
6	揫
6	蟫
6	玹
6	蛣
6	鷮
6	肤
6	璲
6	緗
6	卭
6	俌
6	瘏
6	樕
6	藘
6	闍
6	粼
6	斨
6	藇
6	汕
6	犉
6	桋
6	霂
6	醓
6	甡
6	灉
6	崐
6	崘
6	豶
6	籔
6	桯
6	緧
6	帤
6	葯
6	蓱
6	憭
6	謰
6	謱
6	鑮
6	亝
6	㚟
6	麩
6	齯
6	塲
6	茮
6	㑴
6	薍
6	皐
6	温
6	㡿
6	夆
6	巟
6	棥
6	䢅
6	輨
6	嬀
6	袌
6	厷
6	剥
6	奞
6	羴
6	觵
6	虚
6	簍
6	虤
6	畗
6	叒
6	䰍
6	暀
6	㬎
6	秝
6	覞
6	獡
6	巸
6	瀱
6	莤
6	沝
6	䏁
6	抍
6	姡
6	亅
6	緛
6	蠰
6	蝓
6	圥
6	厽
6	叄
6	䗪
6	蕷
5	絢
5	鄹
5	鮀
5	悱
5	蹜
5	緅
5	喭
5	蓧
5	俑
5	褔
5	蚔
5	飦
5	鴃
5	嘑
5	苙
5	咡
5	郰
5	堲
5	醍
5	樿
5	燂
5	柿
5	娩
5	曦
5	絅
5	褖
5	琖
5	梡
5	禭
5	殰
5	椌
5	袡
5	鬈
5	厞
5	鐕
5	餤
5	芐
5	蹞
5	勌
5	謑
5	咶
5	嘄
5	侻
5	袾
5	剕
5	檖
5	韅
5	鬠
5	槾
5	愅
5	現
5	詍
5	凔
5	珽
5	仔
5	愻
5	偞
5	枑
5	拄
5	橶
5	搦
5	燦
5	偆
5	堿
5	霹
5	靂
5	鶼
5	鞇
5	喔
5	矅
5	玭
5	鼫
5	軜
5	絪
5	賙
5	儡
5	奊
5	悇
5	臛
5	唣
5	蹁
5	宨
5	缈
5	暯
5	焝
5	蔂
5	苎
5	楶
5	忞
5	偭
5	溯
5	欸
5	弸
5	婣
5	緬
5	漭
5	蜡
5	鴒
5	㪍
5	襪
5	衃
5	遶
5	涬
5	甜
5	篙
5	霈
5	坷
5	淦
5	鮭
5	忙
5	跎
5	瀧
5	狧
5	齦
5	踤
5	躆
5	餙
5	蛁
5	埻
5	逷
5	侟
5	辤
5	箯
5	殮
5	麕
5	燾
5	别
5	哤
5	鏚
5	泅
5	洴
5	枅
5	釿
5	桁
5	搰
5	撽
5	蠪
5	膍
5	繟
5	藚
5	遌
5	抌
5	孀
5	痕
5	憋
5	娗
5	异
5	黂
5	么
5	蔘
5	坱
5	澇
5	呰
5	櫡
5	坡
5	蜣
5	帔
5	疕
5	窞
5	緆
5	讂
5	瀷
5	涵
5	蓨
5	蘟
5	躖
5	籯
5	鉒
5	䡔
5	佌
5	梴
5	鼸
5	軲
5	剃
5	稹
5	錍
5	筏
5	抮
5	蓯
5	鵀
5	蚈
5	䄏
5	貐
5	蠬
5	蕈
5	誂
5	牴
5	旳
5	骿
5	睥
5	鶪
5	証
5	襮
5	郼
5	灓
5	窐
5	蚨
5	橇
5	秖
5	錟
5	鄛
5	鯫
5	俀
5	昫
5	嫈
5	瓡
5	椷
5	鞌
5	犫
5	裻
5	穊
5	緥
5	睗
5	茄
5	翺
5	讇
5	蹷
5	扤
5	瀺
5	莨
5	踘
5	胘
5	枏
5	獌
5	縐
5	衯
5	髾
5	訇
5	鰅
5	鷻
5	鸕
5	嵾
5	嵏
5	嶭
5	蠁
5	貤
5	旎
5	纮
5	嫋
5	姺
5	陭
5	艐
5	薀
5	郲
5	旝
5	柣
5	鄍
5	嗾
5	郠
5	覛
5	纕
5	蕝
5	橚
5	傽
5	蹬
5	痝
5	梐
5	穬
5	缔
5	鯷
5	睾
5	鼲
5	鱧
5	朘
5	墼
5	諴
5	囆
5	谒
5	剨
5	绗
5	浈
5	杀
5	湞
5	刌
5	陉
5	镨
5	炔
5	悋
5	膫
5	轃
5	淥
5	抠
5	轙
5	嘱
5	狾
5	茬
5	廮
5	蒱
5	娸
5	嫮
5	胂
5	閵
5	闛
5	靸
5	鬄
5	迾
5	癴
5	寠
5	执
5	抆
5	筹
5	抨
5	婓
5	柍
5	掍
5	佖
5	萭
5	撐
5	臓
5	嫽
5	鹊
5	鰒
5	炯
5	矕
5	摛
5	姼
5	靨
5	戳
5	頜
5	譀
5	瘝
5	侲
5	叵
5	搫
5	棹
5	侴
5	横
5	篣
5	紒
5	簎
5	澂
5	刵
5	馗
5	毦
5	催
5	嬾
5	瑛
5	潠
5	賨
5	茤
5	毾
5	釵
5	鞙
5	狻
5	冏
5	嘈
5	麚
5	煔
5	㵎
5	蕨
5	襛
5	瀰
5	湜
5	俁
5	玖
5	吪
5	峱
5	睘
5	楘
5	鋈
5	馵
5	侜
5	幝
5	鞗
5	軝
5	蔦
5	呶
5	僛
5	栵
5	噳
5	駓
5	稙
5	菏
5	隉
5	眈
5	赒
5	鼜
5	猽
5	庌
5	䏝
5	庛
5	樧
5	麔
5	塺
5	虈
5	貒
5	嫇
5	鮨
5	䳇
5	鰼
5	鱯
5	鴂
5	糖
5	劵
5	罡
5	甖
5	磝
5	丄
5	戼
5	嚻
5	苺
5	薢
5	茩
5	菣
5	藸
5	陊
5	㕞
5	件
5	産
5	唴
5	欶
5	譍
5	㵣
5	㱿
5	歰
5	眔
5	㖾
5	蹏
5	尌
5	䏌
5	賏
5	屖
5	㒵
5	靼
5	㕚
5	聝
5	㼱
5	䁙
5	䀩
5	鮺
5	翄
5	鷽
5	㪔
5	鵃
5	狊
5	鴚
5	䑋
5	觲
5	虦
5	餥
5	飵
5	㥯
5	竷
5	偰
5	韏
5	羕
5	椳
5	楃
5	䡅
5	貀
5	窻
5	枿
5	䄷
5	朩
5	檾
5	䪥
5	妟
5	乑
5	㐆
5	强
5	襺
5	兂
5	秃
5	㒫
5	彣
5	憜
5	屾
5	炗
5	獢
5	㹜
5	炱
5	烓
5	澱
5	灥
5	捻
5	婗
5	㛍
5	乁
5	弜
5	緍
5	蟥
5	蝑
5	蛧
5	垚
5	畕
5	錪
5	阢
5	蟧
5	䤨
5	㿿
5	釨
5	㑊
5	譩
5	炒
5	蔯
5	荽
4	簣
4	鞟
4	廐
4	觫
4	獯
4	鎡
4	擴
4	恔
4	虆
4	獧
4	髢
4	仂
4	侀
4	螢
4	堩
4	棷
4	醵
4	荁
4	湢
4	膮
4	鱐
4	楂
4	庮
4	狈
4	鞸
4	紖
4	鰭
4	偩
4	輲
4	繰
4	垼
4	穧
4	慥
4	巹
4	縝
4	蟺
4	繜
4	潐
4	揳
4	倓
4	僔
4	裷
4	齵
4	歾
4	价
4	菨
4	謘
4	誻
4	涽
4	蛹
4	派
4	戄
4	褂
4	堗
4	捘
4	晴
4	釾
4	錚
4	巃
4	秔
4	珂
4	揥
4	鉥
4	㥥
4	嶰
4	礦
4	勘
4	妝
4	
4	嵷
4	鉼
4	蓻
4	䍷
4	螜
4	劳
4	縚
4	絖
4	坯
4	韁
4	铮
4	尢
4	踳
4	憛
4	觛
4	攙
4	趄
4	趁
4	廒
4	帻
4	撗
4	礲
4	蜾
4	鸒
4	劄
4	謣
4	甈
4	褅
4	搥
4	菓
4	齓
4	慣
4	麂
4	詫
4	怔
4	颻
4	戭
4	冈
4	瀦
4	筯
4	鵩
4	廳
4	閘
4	皖
4	痊
4	晥
4	蛢
4	鏩
4	訧
4	欋
4	嫭
4	䙡
4	鷕
4	膎
4	㩣
4	媐
4	仮
4	蛡
4	椯
4	䂦
4	熿
4	絣
4	碁
4	哮
4	箹
4	簏
4	塿
4	啓
4	緼
4	麄
4	尫
4	跑
4	錕
4	悕
4	醼
4	謞
4	慹
4	㹠
4	滀
4	馽
4	鐍
4	倘
4	葂
4	槔
4	跐
4	蠸
4	胷
4	遻
4	唉
4	韄
4	瞚
4	謵
4	歅
4	鶘
4	鎒
4	搣
4	駴
4	儌
4	釬
4	儽
4	窪
4	珞
4	䵷
4	壠
4	挨
4	麼
4	顉
4	瞬
4	簳
4	杘
4	㺒
4	諈
4	㾓
4	逜
4	莿
4	泏
4	远
4	赖
4	墽
4	駸
4	椀
4	呪
4	蓊
4	鴿
4	賭
4	惱
4	髹
4	翎
4	紋
4	詗
4	槩
4	讆
4	譕
4	楟
4	浧
4	榬
4	膌
4	蟡
4	胜
4	枎
4	楝
4	櫑
4	壏
4	礝
4	鏂
4	秸
4	鉊
4	僧
4	抯
4	袨
4	㢓
4	銎
4	坽
4	鐧
4	笳
4	鎚
4	轆
4	轤
4	峯
4	璡
4	添
4	砌
4	滒
4	鞼
4	掞
4	嫥
4	蛖
4	殥
4	珣
4	樑
4	篅
4	湡
4	劗
4	獬
4	劂
4	馯
4	猘
4	㥄
4	憀
4	墣
4	倠
4	獾
4	艽
4	苔
4	挶
4	眵
4	坿
4	萉
4	鮞
4	鰩
4	趫
4	讔
4	猏
4	秱
4	穖
4	暤
4	堣
4	匭
4	臩
4	瞇
4	獂
4	摢
4	倔
4	緵
4	瑄
4	玊
4	谡
4	奅
4	澅
4	惉
4	崆
4	峒
4	鋊
4	俆
4	碆
4	聸
4	踕
4	緶
4	硰
4	繦
4	跔
4	怚
4	笯
4	嚜
4	胯
4	驘
4	獟
4	瑉
4	裶
4	媻
4	潎
4	澎
4	湁
4	螹
4	玓
4	瓅
4	鶄
4	鴜
4	呀
4	崴
4	磈
4	崦
4	榙
4	豰
4	蛫
4	谾
4	幓
4	旼
4	瞯
4	缿
4	韝
4	懻
4	羠
4	瓨
4	髤
4	蔇
4	寪
4	靽
4	郔
4	衵
4	軘
4	斾
4	渢
4	穮
4	檡
4	婤
4	姶
4	萴
4	郹
4	鄎
4	䫉
4	鰂
4	淶
4	嬻
4	酥
4	罜
4	斸
4	馌
4	掄
4	忨
4	畡
4	畣
4	漪
4	劈
4	悷
4	鷗
4	鋘
4	蹭
4	繴
4	煽
4	槿
4	釽
4	灕
4	葫
4	着
4	踢
4	馲
4	䍮
4	銻
4	虾
4	喚
4	袿
4	媦
4	牄
4	鲈
4	蛳
4	娅
4	桹
4	瞵
4	殒
4	窊
4	迣
4	煣
4	芓
4	璴
4	衹
4	摦
4	魇
4	钐
4	豯
4	灈
4	揟
4	觻
4	觬
4	崞
4	酃
4	邨
4	闯
4	裞
4	侊
4	旧
4	衊
4	蔪
4	狲
4	医
4	禄
4	巀
4	枰
4	癹
4	隑
4	痑
4	嵺
4	謕
4	矻
4	㷸
4	疻
4	駍
4	嶙
4	峋
4	眽
4	崝
4	抾
4	拮
4	瓽
4	襐
4	斖
4	瑒
4	鹑
4	浟
4	栲
4	氍
4	毹
4	漓
4	炟
4	蓩
4	諳
4	礹
4	嬿
4	輾
4	吼
4	龟
4	幩
4	濦
4	傯
4	卝
4	柧
4	謍
4	罊
4	矱
4	檛
4	鋃
4	嗁
4	巩
4	鱨
4	悢
4	骆
4	嵐
4	沟
4	狺
4	閃
4	鮓
4	唌
4	梇
4	釳
4	珈
4	䭫
4	玪
4	悆
4	霠
4	鷓
4	榹
4	襠
4	肚
4	蒭
4	袺
4	襭
4	喓
4	袢
4	塒
4	嘅
4	歗
4	寁
4	荍
4	痯
4	楰
4	佶
4	蔌
4	勩
4	畇
4	霢
4	鶯
4	烘
4	煁
4	怓
4	庤
4	驈
4	騢
4	駽
4	劼
4	諞
4	洊
4	螷
4	劀
4	蜱
4	祴
4	焌
4	鑴
4	禂
4	硩
4	阞
4	湅
4	涚
4	諑
4	藑
4	緪
4	怦
4	俇
4	睩
4	膩
4	粔
4	籹
4	鱅
4	飤
4	筊
4	怞
4	蘮
4	饡
4	棪
4	䉋
4	榣
4	硌
4	鶌
4	䃌
4	滽
4	媱
4	獜
4	椆
4	蜪
4	樻
4	忷
4	蜲
4	䵃
4	痢
4	鸋
4	顦
4	祘
4	墫
4	㼌
4	蕫
4	茿
4	芞
4	茦
4	藨
4	蘥
4	芀
4	䓿
4	蕛
4	苵
4	荆
4	㓹
4	甤
4	葼
4	䝿
4	薻
4	乀
4	宷
4	㞑
4	㕧
4	㕣
4	凵
4	㲃
4	㫺
4	橜
4	㨖
4	卙
4	訦
4	誃
4	䜋
4	囘
4	杸
4	灷
4	眮
4	捾
4	鷐
4	雗
4	鳽
4	鳻
4	䳘
4	鷀
4	鶾
4	黸
4	脙
4	䐹
4	䏰
4	箬
4	笘
4	䉛
4	䈰
4	笿
4	籋
4	匃
4	夃
4	㶳
4	䅣
4	䭡
4	䭓
4	绁
4	䊮
4	缸
4	矤
4	啚
4	桵
4	欇
4	檼
4	兟
4	潧
4	郣
4	㬮
4	朙
4	圣
4	稾
4	寀
4	躳
4	瘌
4	幑
4	㐹
4	䘳
4	䙔
4	衫
4	㲪
4	㶣
4	厜
4	㕒
4	磒
4	馰
4	垽
4	泧
4	夲
4	昦
4	奘
4	忯
4	悈
4	㤨
4	㥏
4	瀑
4	㶄
4	嫛
4	嫷
4	婐
4	媕
4	螉
4	蛕
4	蟘
4	蚚
4	䗐
4	蠭
4	蜙
4	蠛
4	坺
4	鏝
4	凥
4	䤅
4	苨
4	蟒
4	鶝
4	㡋
4	䙱
4	㤿
4	晠
4	煆
4	蝆
4	疿
4	髎
4	飋
4	曛
4	惊
4	肛
4	㽷
4	裩
4	薯
3	葸
3	睊
3	鬨
3	梩
3	樲
3	磯
3	殍
3	剿
3	梜
3	貅
3	椇
3	帮
3	靮
3	頖
3	禓
3	璪
3	畷
3	帙
3	襡
3	膷
3	臐
3	醷
3	楎
3	鬌
3	瓀
3	擖
3	陀
3	錭
3	汸
3	麮
3	齺
3	黭
3	塼
3	唈
3	鬒
3	駛
3	串
3	蘬
3	漅
3	嶵
3	羵
3	這
3	恰
3	杰
3	秤
3	皭
3	漙
3	鰈
3	鱺
3	咿
3	骝
3	鵪
3	鼶
3	灟
3	稘
3	琯
3	赩
3	鼾
3	繵
3	氤
3	氳
3	搐
3	碗
3	獦
3	镍
3	攐
3	佝
3	僶
3	懵
3	譐
3	刱
3	鉸
3	㕙
3	捈
3	㖧
3	挒
3	甪
3	踠
3	綉
3	壃
3	懤
3	嘷
3	葪
3	糺
3	殭
3	珀
3	褋
3	㯉
3	㝡
3	欀
3	尠
3	䕁
3	淲
3	襒
3	懞
3	叶
3	迢
3	樔
3	賮
3	癈
3	唳
3	㜸
3	蠼
3	燐
3	飃
3	鳱
3	瀇
3	荴
3	抈
3	峽
3	嗄
3	纗
3	啑
3	䏔
3	㘈
3	恛
3	鼦
3	俿
3	蓲
3	扮
3	肈
3	欱
3	斅
3	轜
3	鵛
3	禊
3	瘯
3	崋
3	埿
3	蓽
3	忕
3	塡
3	殔
3	䈉
3	榗
3	坳
3	湌
3	宎
3	莛
3	鴉
3	猵
3	蚉
3	峗
3	椄
3	圾
3	絯
3	汒
3	穅
3	垺
3	濠
3	鰷
3	軦
3	雽
3	泙
3	懁
3	鯇
3	眎
3	皯
3	硋
3	眲
3	攩
3	㧙
3	媌
3	眡
3	眶
3	㱙
3	蕳
3	嵋
3	蒨
3	癒
3	蠇
3	翢
3	憿
3	芨
3	攗
3	膬
3	緷
3	赶
3	鷷
3	隟
3	櫄
3	塥
3	菭
3	塉
3	飺
3	賡
3	摲
3	繑
3	韗
3	鞄
3	鏽
3	誽
3	薾
3	撕
3	樴
3	蓴
3	碬
3	拗
3	菙
3	壔
3	筈
3	攵
3	慲
3	膲
3	钜
3	嶕
3	畼
3	磛
3	䫏
3	簷
3	欂
3	抓
3	櫚
3	莣
3	恲
3	騕
3	嚂
3	駏
3	齤
3	㝗
3	緂
3	楺
3	栢
3	憢
3	桅
3	捌
3	稸
3	霪
3	楠
3	髊
3	䵍
3	獀
3	殶
3	黚
3	毨
3	梼
3	泵
3	騺
3	檥
3	鬺
3	牦
3	阍
3	跇
3	穌
3	鸮
3	褍
3	豀
3	鶀
3	袵
3	峣
3	耼
3	圬
3	蒧
3	讱
3	嫻
3	鱏
3	渟
3	黡
3	轞
3	茶
3	娖
3	齱
3	擥
3	陗
3	牏
3	逿
3	脬
3	臃
3	眢
3	狝
3	瑊
3	袘
3	窣
3	礧
3	滻
3	磅
3	魠
3	谽
3	橪
3	櫧
3	鐺
3	鼞
3	皪
3	睅
3	跮
3	葳
3	穼
3	帣
3	眕
3	袲
3	瑴
3	傁
3	鄤
3	餫
3	掀
3	蓖
3	鄐
3	雂
3	繠
3	劖
3	吧
3	沭
3	貕
3	耹
3	闖
3	竱
3	鏄
3	晐
3	侙
3	嘳
3	鱢
3	飼
3	颿
3	铆
3	嶹
3	餦
3	粘
3	尬
3	檔
3	钻
3	钇
3	䦱
3	榇
3	坥
3	紨
3	髧
3	徬
3	厈
3	轚
3	嵒
3	扳
3	搚
3	眣
3	柑
3	瞴
3	睋
3	饩
3	揤
3	糨
3	驸
3	踬
3	袭
3	还
3	鞿
3	昒
3	镯
3	鸶
3	嗉
3	鲶
3	讯
3	屓
3	鶖
3	朒
3	棳
3	鄨
3	厗
3	薋
3	麊
3	秽
3	岻
3	杂
3	跻
3	愦
3	拶
3	势
3	镒
3	訹
3	抪
3	鏖
3	嚯
3	檗
3	呷
3	魼
3	鰨
3	貘
3	嫵
3	寋
3	閿
3	飕
3	殠
3	皸
3	毣
3	铠
3	籣
3	伥
3	嗕
3	悐
3	淟
3	涊
3	魖
3	閌
3	唿
3	傱
3	昈
3	潚
3	噱
3	髂
3	儈
3	䟆
3	狦
3	櫰
3	傛
3	懰
3	謯
3	孋
3	篽
3	瑵
3	欥
3	煜
3	凛
3	醟
3	馱
3	斓
3	睍
3	鈕
3	綟
3	恳
3	抟
3	袓
3	瀘
3	羛
3	棝
3	詷
3	厙
3	喢
3	櫺
3	窱
3	驖
3	搒
3	泬
3	辮
3	禠
3	譻
3	摆
3	荋
3	趬
3	帆
3	擺
3	汦
3	邟
3	办
3	幏
3	桄
3	锓
3	輖
3	荫
3	拼
3	胶
3	収
3	蔮
3	坶
3	傗
3	瑙
3	臉
3	湒
3	盌
3	髴
3	璀
3	璨
3	倌
3	璊
3	掤
3	鋂
3	濔
3	襋
3	菡
3	萏
3	嘌
3	觱
3	豜
3	穋
3	鱒
3	駪
3	羜
3	癙
3	饛
3	疧
3	駾
3	唪
3	醹
3	昄
3	鞃
3	訌
3	烖
3	嗿
3	飶
3	紑
3	憬
3	侐
3	綅
3	糦
3	斆
3	暋
3	衋
3	碞
3	戣
3	敹
3	敿
3	敜
3	簝
3	匰
3	旞
3	翨
3	刏
3	蘜
3	泐
3	旊
3	轐
3	揱
3	藃
3	轛
3	帴
3	顅
3	縜
3	檍
3	斞
3	竢
3	蕊
3	嵫
3	椉
3	篿
3	暾
3	鬿
3	彃
3	蠥
3	惀
3	鬆
3	菸
3	晼
3	黕
3	躣
3	歈
3	菎
3	鬤
3	趠
3	踸
3	黀
3	鸁
3	蔎
3	殟
3	蠽
3	蛜
3	蚰
3	膱
3	渜
3	靲
3	髺
3	膉
3	挼
3	燅
3	䧿
3	犳
3	峚
3	䲹
3	鵌
3	獋
3	魮
3	訆
3	䰽
3	衕
3	滱
3	鱃
3	䰠
3	麖
3	刉
3	鱖
3	洈
3	弞
3	䰝
3	鵹
3	鴶
3	鵴
3	痴
3	饞
3	轟
3	褁
3	蜆
3	恉
3	祪
3	䄟
3	灾
3	祳
3	珇
3	黺
3	璗
3	芌
3	荵
3	葥
3	歬
3	蒚
3	蕣
3	䔰
3	蒬
3	蘦
3	艼
3	䑞
3	莍
3	䕻
3	盇
3	脃
3	䕩
3	㐁
3	䒼
3	蒮
3	騬
3	牻
3	窡
3	呭
3	喅
3	嘾
3	嗙
3	叴
3	唸
3	趞
3	趌
3	趑
3	䟒
3	趢
3	䠧
3	啙
3	䌛
3	臸
3	透
3	遥
3	㣙
3	齾
3	齝
3	齸
3	㔬
3	趿
3	䠛
3	踼
3	䙴
3	䆫
3	䶴
3	龤
3	謜
3	庉
3	䚻
3	䭆
3	睞
3	䜚
3	詽
3	龖
3	録
3	䢉
3	鞎
3	鞥
3	鞾
3	兓
3	鬳
3	䰜
3	䭈
3	臦
3	軎
3	㱾
3	皴
3	䦩
3	䀏
3	䀶
3	雡
3	麐
3	鵅
3	鸔
3	鵽
3	鷈
3	鵖
3	鷢
3	爯
3	㕢
3	胵
3	觷
3	䐄
3	肰
3	肎
3	刅
3	觢
3	箁
3	筱
3	繀
3	筟
3	籢
3	篼
3	栙
3	篎
3	簺
3	鼘
3	㿾
3	䖘
3	盅
3	餈
3	饙
3	餀
3	䴳
3	䴭
3	栟
3	椵
3	枖
3	朻
3	檹
3	榰
3	杗
3	梀
3	㭉
3	㭙
3	枙
3	欙
3	㮯
3	㯕
3	䅓
3	圛
3	蜬
3	㫐
3	曈
3	曨
3	汓
3	冖
3	曡
3	朧
3	廔
3	衮
3	䆅
3	䅭
3	䊪
3	糪
3	㦰
3	瓣
3	宧
3	㝩
3	㝮
3	衇
3	寣
3	癎
3	㾜
3	癆
3	䍡
3	幧
3	帊
3	幰
3	皛
3	伀
3	僷
3	儠
3	侹
3	妎
3	佋
3	匘
3	㐺
3	㸒
3	䙃
3	襱
3	䙟
3	褆
3	褗
3	凷
3	舸
3	艅
3	艎
3	覰
3	覭
3	頲
3	䪾
3	䫰
3	頪
3	䰎
3	鬀
3	勼
3	鬾
3	䰰
3	禸
3	㠀
3	崵
3	嵞
3	庪
3	礊
3	镻
3	貛
3	駫
3	䭹
3	驙
3	駥
3	麠
3	猌
3	熚
3	焆
3	爗
3	㷭
3	爞
3	瀞
3	黟
3	㚃
3	奲
3	䇑
3	忼
3	慔
3	㦛
3	懕
3	懱
3	懖
3	㤄
3	悑
3	漑
3	濥
3	潨
3	湀
3	澩
3	㴑
3	㲻
3	洅
3	漮
3	谸
3	鮥
3	魾
3	鮡
3	鮎
3	魵
3	䰼
3	鮁
3	䶬
3	拈
3	舃
3	捝
3	抲
3	摵
3	媊
3	姽
3	㛂
3	妗
3	孎
3	姕
3	却
3	琵
3	琶
3	疀
3	瓵
3	㼰
3	綥
3	纀
3	䋐
3	綫
3	緉
3	䖦
3	蛵
3	蜰
3	蛺
3	蜨
3	螌
3	螶
3	蟰
3	螸
3	虴
3	蜢
3	蠿
3	坁
3	坒
3	㙪
3	堋
3	垗
3	勱
3	鉹
3	鐎
3	錠
3	鏶
3	䥏
3	鈭
3	鈀
3	錏
3	鐊
3	鍡
3	鑸
3	鎕
3	陮
3	醺
3	酩
3	酊
3	䵑
3	衱
3	蕵
3	榎
3	皵
3	蟓
3	圊
3	鐁
3	矟
3	笒
3	靯
3	殗
3	㛯
3	挴
3	㥾
3	䭒
3	倯
3	䰂
3	篖
3	䛳
3	璺
3	膐
3	喛
3	攍
3	艖
3	㘓
3	哰
3	矲
3	䀡
3	蛒
3	蠀
3	蠾
3	䓇
3	膨
3	吤
3	嚲
3	烊
3	湷
2	匵
2	贐
2	悻
2	覸
2	蓰
2	矙
2	墦
2	餂
2	嚃
2	躃
2	淰
2	獝
2	狘
2	筠
2	鞂
2	倞
2	膟
2	薧
2	綻
2	靧
2	稰
2	皽
2	糔
2	癠
2	嶡
2	殈
2	裧
2	椈
2	輠
2	衈
2	焄
2	袼
2	螯
2	囋
2	掝
2	偋
2	钃
2	呥
2	倛
2	蕼
2	恀
2	瞡
2	儢
2	旤
2	唲
2	傮
2	擽
2	劙
2	冣
2	揹
2	餰
2	㒩
2	憼
2	詌
2	㩉
2	鋟
2	歖
2	䀛
2	鷲
2	磚
2	嚖
2	嵸
2	熳
2	栔
2	耍
2	齠
2	祑
2	齳
2	蝖
2	摋
2	䭑
2	槊
2	蓾
2	媆
2	蝭
2	鶽
2	㖃
2	嫘
2	籛
2	遧
2	愖
2	钋
2	蚧
2	樣
2	爆
2	伝
2	萝
2	垬
2	翘
2	傌
2	槞
2	喗
2	悹
2	沦
2	腌
2	虭
2	怮
2	趽
2	枣
2	鬟
2	顽
2	彉
2	暌
2	噁
2	寨
2	哄
2	抖
2	捖
2	刂
2	憞
2	訔
2	喊
2	芚
2	䎒
2	丱
2	豋
2	謲
2	鄽
2	鄁
2	蝄
2	鱦
2	笇
2	鶺
2	偱
2	鏟
2	壍
2	榩
2	穩
2	謪
2	㳶
2	蔵
2	蚠
2	院
2	姮
2	艷
2	苲
2	慠
2	廨
2	拫
2	嵔
2	塪
2	菴
2	螿
2	圌
2	恓
2	撼
2	椻
2	摝
2	䱙
2	僴
2	蜦
2	鷜
2	牓
2	垁
2	鸎
2	䚩
2	佅
2	㒧
2	䁲
2	䍚
2	㒁
2	肪
2	鑢
2	䋚
2	櫴
2	羂
2	㕹
2	㐜
2	皬
2	䏴
2	廅
2	㩴
2	艻
2	懝
2	勮
2	癑
2	矐
2	抧
2	峛
2	崺
2	莾
2	讃
2	户
2	凉
2	黒
2	曁
2	焮
2	簉
2	徳
2	鞛
2	䒀
2	䋫
2	潜
2	鋼
2	肹
2	婭
2	飬
2	礡
2	呺
2	恑
2	憰
2	蚹
2	騞
2	綮
2	擎
2	藾
2	諔
2	鋣
2	埌
2	蹩
2	胣
2	槢
2	喫
2	俋
2	覤
2	繙
2	虷
2	誙
2	㡭
2	蝴
2	殙
2	龞
2	翂
2	翐
2	斔
2	婀
2	覕
2	吷
2	癕
2	僓
2	跈
2	蘁
2	吡
2	兑
2	䃣
2	黣
2	偎
2	昲
2	甔
2	婩
2	蜇
2	䜘
2	躪
2	劊
2	鉕
2	荬
2	岙
2	樏
2	哕
2	哯
2	僱
2	誧
2	噏
2	㤥
2	㘖
2	獖
2	顊
2	万
2	揊
2	鉈
2	䠯
2	擋
2	墅
2	襏
2	襫
2	牱
2	繬
2	傶
2	肕
2	䴠
2	撊
2	罏
2	軬
2	隫
2	秇
2	䳈
2	擏
2	銶
2	㙗
2	瓁
2	鐩
2	栥
2	泒
2	扡
2	塯
2	闠
2	祩
2	綑
2	抬
2	亣
2	䠳
2	讐
2	鈂
2	葇
2	覹
2	蘙
2	鏺
2	朌
2	邬
2	諪
2	凹
2	雿
2	䁝
2	嶁
2	攉
2	㙬
2	晽
2	舲
2	蕁
2	黓
2	嬤
2	胅
2	茠
2	浯
2	蹗
2	驉
2	靻
2	訽
2	哈
2	橉
2	捔
2	摿
2	簵
2	堨
2	侳
2	㧊
2	鏏
2	皰
2	醠
2	䩉
2	礎
2	樾
2	莦
2	櫩
2	縩
2	晲
2	烑
2	栚
2	菩
2	硾
2	傔
2	澭
2	詤
2	煤
2	蝺
2	鸂
2	錈
2	朖
2	諯
2	䅵
2	氄
2	檋
2	潟
2	脞
2	湦
2	僿
2	憪
2	箜
2	篌
2	镌
2	诈
2	觉
2	頨
2	莳
2	啴
2	硁
2	鳺
2	滜
2	垘
2	稭
2	駵
2	曣
2	沨
2	匔
2	砹
2	龂
2	蹵
2	偼
2	郩
2	鸗
2	鄦
2	铦
2	嚄
2	鮈
2	礉
2	撠
2	輷
2	跿
2	撇
2	糊
2	嬓
2	醨
2	輼
2	谫
2	玘
2	蕠
2	肮
2	呫
2	駞
2	猼
2	蠷
2	蟃
2	狿
2	韢
2	浰
2	鵕
2	埼
2	灗
2	瀄
2	壧
2	潗
2	溔
2	碝
2	澔
2	鸀
2	嶊
2	崣
2	貏
2	穾
2	裖
2	嵚
2	楱
2	鸓
2	鹥
2	轇
2	媥
2	谹
2	螑
2	踱
2	嬐
2	譺
2	炧
2	齪
2	玤
2	㔻
2	衁
2	樁
2	鼆
2	敳
2	轏
2	鄵
2	橁
2	酀
2	塓
2	䳭
2	塴
2	猈
2	鄸
2	槬
2	鑋
2	鄻
2	栫
2	竀
2	揅
2	傎
2	㵒
2	艿
2	螅
2	䊵
2	梮
2	壸
2	矠
2	譓
2	宸
2	瘑
2	銊
2	苧
2	懜
2	繓
2	檳
2	餛
2	簽
2	魘
2	鰱
2	罨
2	勀
2	风
2	钱
2	椱
2	襆
2	䶅
2	樺
2	昙
2	斈
2	鄝
2	犅
2	蘱
2	锧
2	镛
2	轺
2	澓
2	禕
2	读
2	验
2	猇
2	沶
2	驀
2	裊
2	卺
2	撸
2	眑
2	膋
2	啿
2	归
2	詄
2	徦
2	鬓
2	鬗
2	禗
2	丢
2	酨
2	峵
2	侚
2	腏
2	黳
2	蕴
2	蛲
2	赮
2	瓒
2	醤
2	犊
2	郦
2	邞
2	峦
2	稒
2	俨
2	啮
2	硔
2	湋
2	譥
2	娷
2	鄿
2	厉
2	荠
2	熭
2	键
2	舗
2	餍
2	鱳
2	鸲
2	阌
2	镁
2	听
2	滭
2	潬
2	鰫
2	矗
2	锇
2	萷
2	璁
2	薎
2	骾
2	棌
2	鐀
2	悰
2	錾
2	靶
2	謈
2	吽
2	趋
2	咰
2	卧
2	睮
2	鞪
2	声
2	貁
2	棍
2	缳
2	婶
2	軮
2	垒
2	嵌
2	炘
2	嶟
2	縡
2	彏
2	嶜
2	鞜
2	躯
2	篓
2	遛
2	牚
2	锁
2	锾
2	顄
2	丽
2	鲭
2	沧
2	馒
2	咝
2	剭
2	陇
2	铖
2	獅
2	嫔
2	鸵
2	荚
2	书
2	籙
2	暂
2	侦
2	笣
2	癞
2	纠
2	褞
2	貗
2	雟
2	贇
2	拋
2	纹
2	觇
2	颈
2	桧
2	懅
2	袟
2	輊
2	癏
2	担
2	汍
2	壈
2	矘
2	吓
2	戏
2	塍
2	裛
2	渉
2	嶈
2	壒
2	蹸
2	颮
2	幙
2	怢
2	綀
2	慺
2	顝
2	碄
2	蘤
2	諆
2	锐
2	蓶
2	蘳
2	羉
2	嫿
2	猭
2	颸
2	鷿
2	魦
2	綎
2	蟞
2	昶
2	鲍
2	閺
2	头
2	静
2	黌
2	毙
2	箋
2	瀯
2	攠
2	鱸
2	豽
2	坋
2	姎
2	怜
2	毲
2	泽
2	纯
2	簂
2	觯
2	凇
2	抛
2	鍐
2	輞
2	现
2	摞
2	綔
2	陑
2	牗
2	洔
2	牥
2	霙
2	雯
2	鞘
2	琲
2	檎
2	鯖
2	瓌
2	嶼
2	瑫
2	鷴
2	撩
2	瓷
2	䌰
2	纜
2	巘
2	砠
2	緎
2	琇
2	薖
2	籊
2	滺
2	佸
2	蘞
2	觼
2	恌
2	鯊
2	笰
2	蓫
2	楀
2	怭
2	峩
2	穈
2	懠
2	嶞
2	驔
2	軧
2	戺
2	侉
2	筤
2	齍
2	鞻
2	韽
2	駣
2	幌
2	惌
2	葘
2	齌
2	畹
2	爢
2	汀
2	晈
2	咍
2	牉
2	璐
2	漵
2	淼
2	踥
2	蘅
2	懭
2	晟
2	苃
2	觺
2	臇
2	搷
2	鰿
2	漇
2	鼁
2	橝
2	虌
2	聇
2	鯬
2	瓟
2	戃
2	濿
2	坲
2	渨
2	涹
2	廇
2	瓥
2	譨
2	徾
2	蛓
2	縎
2	昢
2	峉
2	鶊
2	孈
2	甇
2	匴
2	甞
2	挎
2	擸
2	礻
2	齻
2	縪
2	㝔
2	攥
2	蠚
2	薲
2	鵸
2	汵
2	瀤
2	䱱
2	鶋
2	䱤
2	䃤
2	䍶
2	鶹
2	鱤
2	狪
2	獙
2	峳
2	妴
2	鮯
2	鴢
2	珚
2	䔄
2	蘡
2	潕
2	鼣
2	䳐
2	䳼
2	鯾
2	瑘
2	肦
2	姖
2	猎
2	䗫
2	萼
2	矮
2	崗
2	獹
2	濙
2	匆
2	囤
2	仝
2	霶
2	慵
2	燓
2	禷
2	䃾
2	䚡
2	斚
2	玠
2	瑬
2	璱
2	㮚
2	玎
2	璓
2	珕
2	琡
2	玨
2	㞣
2	莥
2	蓈
2	䔇
2	䕬
2	菦
2	䖆
2	藼
2	茖
2	魝
2	茥
2	䒞
2	蔩
2	兎
2	藄
2	莃
2	蕧
2	値
2	㕟
2	䒷
2	蘻
2	薟
2	菳
2	藗
2	薕
2	䒢
2	䓉
2	蔤
2	芪
2	莔
2	菋
2	莕
2	藣
2	䓴
2	皅
2	芛
2	葟
2	黊
2	䔟
2	荺
2	䓄
2	㹞
2	葻
2	蕰
2	䔂
2	莜
2	敇
2	逺
2	蕇
2	桺
2	䓊
2	聦
2	㸬
2	犙
2	㹁
2	㹌
2	犝
2	嚛
2	咦
2	䲷
2	唬
2	嗢
2	吺
2	噧
2	嘮
2	噊
2	嗀
2	氒
2	鐈
2	㕡
2	臱
2	䞗
2	䟑
2	䞭
2	䞾
2	䞣
2	䟏
2	趧
2	址
2	歭
2	尟
2	邎
2	䢌
2	䢐
2	䢱
2	䢔
2	逪
2	㑞
2	㷠
2	羍
2	䢙
2	䢭
2	遱
2	㭘
2	㥁
2	徛
2	亍
2	䶦
2	蹡
2	躛
2	䠟
2	䠊
2	跀
2	蹮
2	嘂
2	詧
2	譣
2	譪
2	詥
2	誐
2	譞
2	譒
2	娽
2	伿
2	詑
2	譇
2	謺
2	謧
2	諅
2	謓
2	讄
2	譶
2	䩕
2	䩡
2	䩸
2	䩞
2	鬴
2	盉
2	燹
2	攲
2	敃
2	敀
2	攽
2	㪉
2	敓
2	㪤
2	敂
2	斀
2	敯
2	㪙
2	㪏
2	䚫
2	卟
2	巗
2	䁂
2	眅
2	睌
2	眂
2	瞼
2	齂
2	翜
2	瀒
2	鵋
2	䳢
2	猚
2	鳪
2	雐
2	䨄
2	䧴
2	羒
2	羳
2	䍴
2	鶨
2	鶠
2	鴲
2	鴺
2	鴗
2	㱳
2	殬
2	彞
2	㱯
2	㱦
2	㾫
2	䯤
2	腜
2	䏖
2	脠
2	䐞
2	䏙
2	䏣
2	剫
2	㓠
2	㓷
2	䚭
2	觠
2	觓
2	觰
2	觤
2	䈚
2	笢
2	㩅
2	䉃
2	笐
2	笵
2	籆
2	箅
2	籃
2	籫
2	籚
2	㮄
2	箛
2	篍
2	簃
2	篦
2	顨
2	甛
2	㯥
2	梪
2	豑
2	䣜
2	䖑
2	虪
2	贙
2	盨
2	盋
2	䘓
2	㓝
2	饊
2	麪
2	䬯
2	飻
2	餻
2	㫗
2	㤅
2	梫
2	棆
2	椋
2	栜
2	柀
2	檆
2	様
2	櫅
2	檵
2	梂
2	杒
2	驫
2	朶
2	宫
2	樘
2	㮞
2	㮰
2	櫼
2	桱
2	楲
2	槈
2	柃
2	柫
2	㔶
2	槤
2	檕
2	楥
2	凖
2	极
2	槅
2	枊
2	欚
2	杮
2	㕀
2	柮
2	槹
2	䅩
2	㯱
2	囮
2	弍
2	斦
2	䝪
2	䣝
2	䣕
2	䣂
2	䣄
2	䣍
2	酄
2	䣡
2	㙶
2	隷
2	夝
2	晧
2	晙
2	旚
2	䨣
2	肭
2	㦽
2	牑
2	㣎
2	稬
2	秜
2	䅘
2	䅌
2	秧
2	䆃
2	䵒
2	䉾
2	糂
2	䊆
2	䊝
2	糳
2	敊
2	㼎
2	寷
2	宂
2	宐
2	㝌
2	宔
2	竂
2	䆕
2	窵
2	䆞
2	䆘
2	寎
2	瘽
2	癅
2	㾈
2	瘚
2	瘜
2	痳
2	痬
2	㓃
2	䍑
2	䍖
2	覂
2	㡓
2	㡘
2	㠲
2	㡜
2	㡒
2	㠷
2	伃
2	傓
2	僁
2	僟
2	㒤
2	倢
2	俜
2	俒
2	㑾
2	㑥
2	㡯
2	匙
2	衭
2	袥
2	衸
2	袉
2	袳
2	䙝
2	褮
2	耊
2	氊
2	㞚
2	㞏
2	䑣
2	覍
2	覢
2	䚔
2	歋
2	歁
2	欪
2	䫟
2	顤
2	頠
2	顲
2	髲
2	䰁
2	䢃
2	㢋
2	㢉
2	㡹
2	廫
2	厬
2	欮
2	厱
2	㩻
2	䧢
2	䂬
2	䃍
2	硈
2	硟
2	䂿
2	礩
2	镾
2	豣
2	䝐
2	蒘
2	豩
2	騜
2	驠
2	騽
2	騀
2	駊
2	峘
2	鴷
2	駗
2	麉
2	麎
2	麙
2	婏
2	㺖
2	鲽
2	㔾
2	㺉
2	鼢
2	䶄
2	鼨
2	䶃
2	眘
2	炪
2	熮
2	爤
2	熑
2	曅
2	䵣
2	㸋
2	尦
2	㝼
2	壷
2	㚘
2	䇏
2	匧
2	怤
2	㥴
2	愃
2	愙
2	愯
2	慒
2	忥
2	㥋
2	䉍
2	忦
2	㦁
2	㣻
2	惹
2	汃
2	罙
2	瀙
2	濄
2	淔
2	浝
2	洍
2	潒
2	澐
2	㳻
2	㶇
2	砅
2	溦
2	瀀
2	汽
2	瀎
2	洝
2	涾
2	㶕
2	滰
2	灡
2	渌
2	㙙
2	汛
2	屚
2	䢽
2	㐬
2	顰
2	㐰
2	緐
2	䜭
2	㓖
2	冹
2	䨘
2	霋
2	䨴
2	䱴
2	鰜
2	䱡
2	䲔
2	鮏
2	鰝
2	鯦
2	魧
2	鮚
2	鮅
2	鯸
2	鯕
2	䦲
2	閞
2	榍
2	聅
2	䎳
2	揗
2	㧗
2	㨷
2	摜
2	摷
2	㧘
2	搈
2	扟
2	㩃
2	撆
2	㧺
2	扚
2	攎
2	摴
2	媲
2	媰
2	㛰
2	㚩
2	嬥
2	嫢
2	嫧
2	婟
2	娋
2	㜝
2	娿
2	婎
2	嬯
2	娎
2	嬒
2	㜮
2	姘
2	姅
2	㛴
2	㔷
2	瓬
2	㧚
2	弲
2	綹
2	繎
2	緢
2	縒
2	繃
2	絩
2	緀
2	絙
2	絬
2	絥
2	䋊
2	綊
2	䋈
2	絟
2	䋀
2	緋
2	䋤
2	繛
2	螼
2	䗥
2	螝
2	蜭
2	䖯
2	蝒
2	蛅
2	蟅
2	蟟
2	蜹
2	蝁
2	蛘
2	螊
2	䗇
2	䶲
2	堛
2	埂
2	疁
2	㽨
2	㽘
2	疃
2	䵌
2	勥
2	勶
2	鐐
2	鈏
2	䥙
2	鋞
2	銸
2	鈒
2	鈗
2	鏠
2	鏐
2	鎎
2	錉
2	凭
2	斪
2	斣
2	轈
2	輢
2	轖
2	輑
2	輥
2	䡩
2	隒
2	䧊
2	䧦
2	阠
2	纷
2	㝅
2	䣺
2	䣱
2	醶
2	醐
2	勔
2	盝
2	餾
2	憴
2	懨
2	訰
2	懪
2	儚
2	溞
2	琄
2	衖
2	葝
2	椴
2	蔏
2	蒤
2	瓝
2	蔜
2	蕀
2	蕍
2	櫐
2	蠦
2	蚻
2	蚞
2	螰
2	蟷
2	蛬
2	䗃
2	虰
2	蟦
2	蚇
2	蚅
2	螔
2	蠑
2	螈
2	鷑
2	鶅
2	鵵
2	鷚
2	鸅
2	鶛
2	鶭
2	鶿
2	鷉
2	鼯
2	狒
2	騉
2	僆
2	硍
2	淝
2	䧫
2	啌
2	娪
2	襯
2	胒
2	㧻
2	䋌
2	聗
2	帕
2	搘
2	腂
2	庵
2	煟
2	丫
2	琕
2	橤
2	䡑
2	䐭
2	䫴
2	繂
2	㜲
2	䁮
2	㨆
2	撏
2	釥
2	䫵
2	䑄
2	䓲
2	殜
2	憡
2	鑙
2	聓
2	蘴
2	癁
2	儓
2	䘪
2	䘿
2	帞
2	䀀
2	瓭
2	㽀
2	㼻
2	甊
2	㽈
2	㯂
2	筕
2	弿
2	鋡
2	㘿
2	伆
2	悀
2	䠇
2	揞
2	懹
2	焣
2	㷶
2	䠆
2	䀼
2	鸊
2	鷱
2	鍋
2	艒
2	䑿
2	崽
2	誺
2	詀
2	亄
2	佂
2	㽹
2	惃
2	慫
2	郺
2	蛥
2	鼅
2	蟝
2	娌
2	逳
2	侼
2	㥢
2	暟
2	籅
2	䈱
2	飥
2	䴽
2	疰
2	脖
2	胦
2	喎
2	鼕
2	癖
2	䁢
2	䭇
2	癮
2	麵
2	
2	㠵
1	斵
1	咻
1	顣
1	弤
1	譈
1	蹝
1	廀
1	鐓
1	蓌
1	鹺
1	蕓
1	腍
1	縏
1	穛
1	藙
1	脄
1	臅
1	湇
1	謏
1	怗
1	顈
1	懥
1	偍
1	儑
1	䱁
1	瞲
1	衶
1	紶
1	譑
1	嚽
1	齫
1	榶
1	矸
1	紸
1	帾
1	歶
1	鞷
1	觙
1	騹
1	攭
1	胊
1	嵼
1	䓣
1	惿
1	椨
1	獗
1	瞧
1	慞
1	仨
1	桿
1	陡
1	歪
1	瞄
1	灄
1	抹
1	䀈
1	喏
1	漲
1	魭
1	榒
1	阖
1	奣
1	枨
1	嘡
1	湥
1	盷
1	暿
1	ㄡ
1	纎
1	剩
1	搞
1	蛏
1	譋
1	餡
1	篐
1	鸢
1	伦
1	径
1	箩
1	帡
1	閛
1	犠
1	耾
1	嚍
1	喆
1	蔔
1	昞
1	捩
1	躭
1	趏
1	䭃
1	摰
1	魰
1	蜯
1	顋
1	䲖
1	綨
1	䙏
1	瑇
1	杔
1	妋
1	扙
1	㸦
1	蠈
1	訋
1	㩏
1	笀
1	㐾
1	駶
1	䏍
1	厮
1	惧
1	㞐
1	蹥
1	漎
1	燌
1	㟮
1	屼
1	蜊
1	㓨
1	臈
1	塠
1	䏬
1	蚄
1	䗢
1	螥
1	蜫
1	䡷
1	齀
1	㵠
1	㘩
1	諿
1	鉿
1	躟
1	崥
1	䩜
1	傠
1	迦
1	捬
1	䂄
1	唭
1	䪻
1	㸐
1	㗇
1	喖
1	㯏
1	訅
1	䇶
1	膒
1	猫
1	玞
1	冐
1	捜
1	逹
1	畧
1	逓
1	頳
1	滛
1	属
1	窹
1	暎
1	烯
1	毁
1	頼
1	憗
1	随
1	黄
1	徴
1	幂
1	垌
1	猪
1	歩
1	两
1	歒
1	嗒
1	譹
1	咬
1	賅
1	苶
1	园
1	脗
1	砉
1	軱
1	謋
1	矼
1	繲
1	帠
1	躠
1	攦
1	獊
1	嵁
1	嚆
1	惾
1	嗋
1	鵂
1	䠱
1	趻
1	䠓
1	蚷
1	髐
1	腞
1	峷
1	囅
1	惼
1	緳
1	鷾
1	鴯
1	弅
1	奓
1	嚗
1	堈
1	掜
1	黬
1	俍
1	拸
1	鼪
1	踉
1	跫
1	擉
1	螴
1	蜳
1	睯
1	錎
1	顪
1	誸
1	佒
1	聏
1	輐
1	窢
1	犿
1	芿
1	誫
1	㤋
1	憣
1	啽
1	囈
1	咤
1	鞨
1	鋩
1	茙
1	懯
1	㤉
1	婑
1	媠
1	腃
1	煊
1	㯓
1	匀
1	塜
1	櫢
1	祢
1	仾
1	袃
1	缀
1	汉
1	噠
1	咘
1	劲
1	碛
1	漌
1	绯
1	軤
1	䦊
1	镺
1	獁
1	蛔
1	淘
1	嚐
1	蘂
1	䛟
1	擫
1	賥
1	賫
1	蚵
1	秎
1	㪷
1	韟
1	裚
1	綧
1	俈
1	堷
1	熰
1	曋
1	窑
1	鑐
1	汐
1	菕
1	絤
1	袬
1	䇡
1	恠
1	碈
1	鞽
1	毤
1	粖
1	箓
1	峜
1	耟
1	鈶
1	繉
1	譂
1	傐
1	魡
1	壕
1	釫
1	嫩
1	窄
1	盯
1	聢
1	糯
1	聣
1	赉
1	篱
1	隣
1	逈
1	愽
1	税
1	贕
1	蠩
1	䁟
1	滖
1	灖
1	蔰
1	村
1	澖
1	瀿
1	胐
1	曊
1	㹎
1	㵙
1	鸖
1	爁
1	墵
1	挬
1	芠
1	䤿
1	咐
1	枺
1	淌
1	鎋
1	絚
1	撜
1	蜧
1	尭
1	鐖
1	彠
1	誳
1	駎
1	捴
1	硤
1	睭
1	揍
1	彍
1	賌
1	犐
1	㹋
1	瓾
1	袇
1	蛷
1	蚙
1	匷
1	蔐
1	罣
1	駠
1	蟌
1	螚
1	伔
1	䎚
1	啳
1	噅
1	駤
1	銋
1	犞
1	垀
1	繺
1	曮
1	撌
1	勯
1	僪
1	䰛
1	抿
1	噥
1	觾
1	妐
1	㬐
1	䘩
1	瓋
1	肳
1	渦
1	闀
1	㨉
1	靹
1	䪏
1	秮
1	噮
1	闘
1	旸
1	隞
1	屹
1	嵤
1	憨
1	鲒
1	馊
1	蘌
1	㯫
1	㴆
1	懔
1	獶
1	黫
1	蛪
1	俉
1	唆
1	撱
1	彨
1	笆
1	陻
1	覵
1	誆
1	湪
1	坙
1	圩
1	愸
1	镑
1	顜
1	俷
1	圽
1	饱
1	砨
1	齃
1	嚪
1	瞝
1	惪
1	攌
1	韛
1	骯
1	襍
1	噌
1	婘
1	囡
1	忔
1	騨
1	圁
1	ヰ
1	嵂
1	珸
1	玏
1	瑌
1	簛
1	蔄
1	梸
1	鹓
1	眒
1	鰽
1	鳙
1	鯱
1	鱋
1	魶
1	鹮
1	鷛
1	嶻
1	瞹
1	獏
1	磼
1	礏
1	璸
1	斒
1	檘
1	鹖
1	绔
1	罥
1	飚
1	鳷
1	躤
1	娬
1	姌
1	徶
1	谺
1	塕
1	癋
1	崫
1	噵
1	憓
1	诇
1	釠
1	啊
1	幀
1	摓
1	焍
1	澙
1	蹾
1	麹
1	翲
1	庈
1	蹫
1	鱹
1	邥
1	䢵
1	膇
1	鄇
1	雃
1	㫋
1	呌
1	蔉
1	銔
1	齹
1	竪
1	黰
1	郥
1	褽
1	躗
1	䠣
1	趕
1	鉍
1	㻡
1	墢
1	羃
1	踁
1	耞
1	饀
1	衉
1	鄥
1	刨
1	戧
1	蔍
1	鍖
1	雈
1	箐
1	珫
1	鱙
1	踙
1	䁺
1	瀴
1	箖
1	箊
1	碼
1	猁
1	砷
1	矚
1	套
1	燁
1	羮
1	蹹
1	猸
1	懧
1	猹
1	浲
1	礆
1	牐
1	釤
1	杧
1	锨
1	喲
1	㕭
1	呆
1	蚜
1	犏
1	贀
1	笈
1	薷
1	矾
1	䪉
1	倈
1	䐲
1	粎
1	廗
1	憏
1	审
1	崕
1	䮲
1	鹄
1	捯
1	硃
1	毘
1	怴
1	摮
1	櫕
1	迿
1	駷
1	钛
1	贳
1	诒
1	凫
1	跅
1	飨
1	崃
1	檣
1	砀
1	挢
1	绷
1	诞
1	暽
1	龄
1	鋳
1	驱
1	缝
1	镂
1	倶
1	蕲
1	蓹
1	陃
1	籄
1	騪
1	鲷
1	鮌
1	敱
1	㪦
1	庣
1	胆
1	呙
1	泺
1	逦
1	熉
1	钆
1	濭
1	骤
1	颦
1	鲧
1	霭
1	雳
1	刭
1	鸾
1	纸
1	驿
1	磃
1	羁
1	揽
1	鳜
1	跆
1	渖
1	傋
1	务
1	蛊
1	臢
1	缨
1	挛
1	叠
1	龊
1	鳗
1	赞
1	鲥
1	颛
1	郻
1	衬
1	脏
1	骄
1	瘾
1	癣
1	绀
1	巅
1	孪
1	呓
1	庞
1	傥
1	龈
1	鹅
1	鲫
1	崱
1	嶩
1	馈
1	馏
1	湓
1	鈲
1	双
1	鵊
1	雏
1	跷
1	嘸
1	诓
1	镉
1	阊
1	艺
1	谪
1	焘
1	蹳
1	觞
1	砕
1	愲
1	茕
1	膑
1	脐
1	蟂
1	聂
1	圠
1	绕
1	镐
1	骳
1	镇
1	怀
1	輘
1	锚
1	蹒
1	匮
1	栎
1	粮
1	衪
1	襳
1	湃
1	莸
1	鳃
1	蒇
1	鰬
1	浍
1	骚
1	骞
1	饽
1	饥
1	咇
1	锒
1	趸
1	嶪
1	玢
1	释
1	藰
1	蠝
1	獑
1	廌
1	砺
1	译
1	銭
1	涝
1	庑
1	崂
1	抳
1	螛
1	铨
1	芦
1	趭
1	僸
1	稳
1	畴
1	弮
1	轎
1	缙
1	鼱
1	泸
1	沥
1	颍
1	濑
1	联
1	潇
1	玡
1	惮
1	橱
1	瓓
1	鹭
1	鹞
1	侽
1	负
1	岿
1	槟
1	专
1	罗
1	鷤
1	扩
1	嵱
1	羾
1	懑
1	蔺
1	蔼
1	嶉
1	圹
1	桭
1	丛
1	翍
1	斋
1	彋
1	蜵
1	旓
1	濎
1	濴
1	爌
1	鸽
1	埢
1	岭
1	巆
1	鲑
1	鲛
1	絧
1	缦
1	驞
1	駖
1	岋
1	辗
1	骏
1	搟
1	虽
1	韩
1	磍
1	阑
1	飓
1	漶
1	颗
1	鮿
1	赙
1	赚
1	谧
1	誊
1	謢
1	菞
1	龒
1	剼
1	谗
1	荾
1	胧
1	嫶
1	伛
1	労
1	觋
1	拦
1	储
1	悬
1	嘤
1	纤
1	愑
1	栻
1	泪
1	鲸
1	骇
1	骗
1	焂
1	嵜
1	嫤
1	莺
1	锹
1	馋
1	严
1	韵
1	韬
1	辞
1	雾
1	简
1	蚝
1	侬
1	䃜
1	箆
1	椊
1	骠
1	捞
1	缧
1	涛
1	茏
1	毡
1	涜
1	磄
1	匇
1	廪
1	钶
1	滹
1	动
1	龋
1	竖
1	补
1	赵
1	郏
1	寙
1	义
1	锵
1	讹
1	谢
1	擄
1	课
1	嫟
1	镼
1	缩
1	环
1	樯
1	岯
1	估
1	髋
1	謥
1	妠
1	矫
1	溤
1	锔
1	盒
1	桥
1	嵑
1	桦
1	腇
1	舰
1	褵
1	谥
1	编
1	挞
1	战
1	惫
1	岜
1	竡
1	奋
1	坛
1	鹗
1	珖
1	诽
1	拷
1	箪
1	镬
1	屦
1	磩
1	墱
1	枍
1	鸪
1	巉
1	輚
1	仱
1	峤
1	咛
1	励
1	龙
1	禒
1	俦
1	鸩
1	繨
1	关
1	驾
1	驽
1	朣
1	驼
1	鶗
1	荩
1	阶
1	馁
1	锢
1	饿
1	养
1	彁
1	軯
1	阅
1	闾
1	锂
1	眃
1	织
1	铐
1	驌
1	垩
1	鲻
1	瓖
1	猑
1	禇
1	锑
1	辊
1	攳
1	縸
1	渀
1	舼
1	辍
1	媂
1	辆
1	铣
1	卖
1	压
1	扭
1	馅
1	犕
1	唒
1	樍
1	馆
1	嚔
1	锟
1	閰
1	颓
1	鐇
1	悯
1	髒
1	碨
1	磥
1	蛮
1	钢
1	邺
1	斻
1	昺
1	挲
1	峴
1	箫
1	瓔
1	鹏
1	潳
1	弃
1	毞
1	羧
1	麡
1	递
1	槙
1	卫
1	継
1	韥
1	逊
1	氀
1	瘭
1	瞩
1	浅
1	胇
1	墒
1	蚂
1	芜
1	萧
1	瞉
1	杉
1	惤
1	扦
1	谀
1	傂
1	烫
1	签
1	袙
1	耻
1	襂
1	苪
1	狥
1	泃
1	㶏
1	猊
1	䧙
1	琌
1	畈
1	浢
1	伕
1	㞯
1	凸
1	椰
1	鍮
1	偒
1	䧟
1	鏹
1	虬
1	䔩
1	唧
1	儁
1	籞
1	篘
1	嶂
1	紽
1	雱
1	螓
1	魗
1	鷊
1	蠨
1	畽
1	棸
1	暬
1	耔
1	樨
1	饇
1	滮
1	臄
1	潀
1	餴
1	烋
1	奰
1	痻
1	冞
1	僝
1	岍
1	蘉
1	懫
1	頮
1	臲
1	卼
1	袽
1	旉
1	皫
1	箈
1	纼
1	絘
1	覊
1	骍
1	潴
1	绤
1	朄
1	礘
1	橭
1	妢
1	竑
1	腛
1	㡛
1	阰
1	葹
1	繣
1	昡
1	珵
1	陫
1	旹
1	櫋
1	竚
1	簴
1	壄
1	皷
1	鯪
1	鼌
1	鰲
1	鱞
1	頩
1	脕
1	曃
1	曭
1	哫
1	哳
1	櫹
1	漧
1	怐
1	䰟
1	伂
1	矊
1	穱
1	腱
1	餭
1	酡
1	蒪
1	媔
1	嘕
1	壛
1	鸘
1	礒
1	碅
1	磳
1	硊
1	譅
1	岒
1	嚅
1	蕗
1	鱘
1	砏
1	䌌
1	蒶
1	䳟
1	巑
1	岏
1	轕
1	睄
1	渃
1	峊
1	溰
1	薴
1	顠
1	殦
1	跓
1	蟤
1	冝
1	旜
1	醙
1	衤
1	紌
1	胉
1	侇
1	捂
1	腢
1	綼
1	坅
1	錧
1	輁
1	靾
1	䨾
1	鯥
1	鱬
1	鴸
1	砆
1	䍺
1	泿
1	䓘
1	䳋
1	鴖
1	䰷
1	蓇
1	㕄
1	䗡
1	猙
1	洱
1	涴
1	鰠
1	漨
1	䑏
1	䐆
1	鵺
1	痸
1	䲃
1	狕
1	䳑
1	狍
1	䱇
1	䮝
1	䴅
1	㶌
1	濝
1	溹
1	䬅
1	䖪
1	㐨
1	䗤
1	䎶
1	犰
1	狳
1	踇
1	屁
1	䱻
1	㔮
1	櫔
1	薝
1	䴦
1	䔭
1	䳩
1	㴬
1	㖶
1	鯩
1	鰧
1	栯
1	䣀
1	崍
1	崌
1	䲀
1	駚
1	筀
1	㬇
1	䝞
1	䟣
1	鴍
1	鷔
1	鏊
1	昐
1	䡢
1	㹀
1	鰟
1	挕
1	啣
1	淂
1	爕
1	砟
1	噀
1	姥
1	鈠
1	剠
1	鸝
1	嵓
1	茟
1	荳
1	㾐
1	旺
1	藤
1	穠
1	籜
1	薹
1	丅
1	禛
1	祰
1	䄆
1	璙
1	璥
1	琠
1	玒
1	琜
1	瓄
1	珦
1	㻝
1	璑
1	珛
1	玚
1	瓛
1	璬
1	璏
1	璹
1	瓃
1	瑮
1	琤
1	瑝
1	㺿
1	珢
1	㻸
1	玽
1	琂
1	璶
1	琟
1	瑦
1	瑂
1	璒
1	㺨
1	瑎
1	瑶
1	琀
1	筓
1	珝
1	珙
1	壿
1	䔬
1	䒨
1	䔃
1	苷
1	蒁
1	荲
1	蓡
1	薓
1	䖂
1	䓞
1	纥
1	䓢
1	荌
1	蔁
1	薽
1	䔴
1	葎
1	䕮
1	蕅
1	菻
1	䔌
1	䕼
1	萮
1	蒟
1	蒝
1	䔺
1	䔏
1	䓮
1	㠩
1	蔫
1	䒦
1	䒹
1	葢
1	䔽
1	䓛
1	䔯
1	蘫
1	䓜
1	䔿
1	荹
1	蓛
1	葠
1	㪿
1	蓳
1	蓸
1	菬
1	䒸
1	苳
1	萺
1	葏
1	䕺
1	萅
1	菿
1	茗
1	蘸
1	尐
1	牭
1	犡
1	㸹
1	犥
1	㹊
1	㹔
1	㹛
1	㹃
1	㹗
1	㹂
1	㗋
1	㗱
1	㗘
1	嘫
1	嗂
1	呧
1	嗻
1	㘙
1	嗞
1	噑
1	呝
1	哦
1	红
1	喌
1	䞚
1	趀
1	趥
1	䟉
1	䞪
1	趖
1	䟈
1	䞥
1	䞿
1	赹
1	趛
1	䞘
1	赽
1	趩
1	趆
1	赾
1	䟇
1	䟂
1	趉
1	趜
1	趚
1	䞨
1	䞳
1	趒
1	歱
1	㭰
1	䢦
1	遦
1	䢒
1	邌
1	䢯
1	䢑
1	达
1	逎
1	邋
1	迀
1	邍
1	备
1	邏
1	徎
1	忂
1	彶
1	䛣
1	㣤
1	徲
1	㣫
1	㝵
1	齜
1	齞
1	䶥
1	䶙
1	䶢
1	齩
1	䶣
1	䏈
1	齭
1	齨
1	齛
1	䶤
1	蠧
1	䠪
1	䟔
1	䟠
1	跾
1	跧
1	踄
1	䟗
1	䟴
1	䟺
1	䟸
1	䠅
1	䠍
1	䶵
1	舓
1	㔹
1	詇
1	䚮
1	誎
1	謄
1	諎
1	㬰
1	䛆
1	跢
1	詯
1	䛬
1	讗
1	譄
1	䜕
1	詪
1	諣
1	諕
1	䛩
1	䜐
1	詾
1	諽
1	怟
1	訄
1	犹
1	謎
1	譱
1	龏
1	慤
1	奱
1	纟
1	䩵
1	鞣
1	鞵
1	靪
1	䩛
1	䩶
1	䩪
1	䩒
1	䪎
1	䩯
1	䩤
1	韉
1	䰙
1	鬹
1	㽁
1	䰞
1	谻
1	䰘
1	鬮
1	鬧
1	纡
1	㱽
1	毃
1	豙
1	敟
1	敒
1	敡
1	鈙
1	攺
1	㪒
1	䀹
1	瞦
1	䁔
1	瞒
1	睴
1	盰
1	䀣
1	钉
1	眓
1	䁴
1	瞟
1	眜
1	矆
1	䁈
1	瞗
1	睼
1	䁊
1	䀗
1	䀺
1	䁍
1	睉
1	眝
1	眨
1	纾
1	㿧
1	齅
1	䍿
1	纣
1	翇
1	钕
1	䍜
1	芇
1	羥
1	羼
1	厠
1	䨊
1	雧
1	鹘
1	䳳
1	䲱
1	䳀
1	䳔
1	䴌
1	绉
1	䳁
1	鷳
1	䲸
1	䴎
1	鶱
1	麽
1	㱪
1	瘗
1	殨
1	㱻
1	㱠
1	䯏
1	䯣
1	䯜
1	髍
1	㪅
1	肧
1	肊
1	䏐
1	肒
1	脪
1	腬
1	䏟
1	膘
1	脼
1	肍
1	腝
1	䐣
1	䐝
1	䐑
1	䏿
1	脧
1	腔
1	䇟
1	㓡
1	㓵
1	剴
1	㔎
1	辧
1	剺
1	剈
1	㓼
1	剜
1	刹
1	䚦
1	䚗
1	䚙
1	䚨
1	䉠
1	笨
1	䈵
1	篸
1	䈎
1	䉧
1	篰
1	䇫
1	籭
1	籓
1	䇨
1	籱
1	䉴
1	䇘
1	笍
1	䇬
1	笪
1	籤
1	䈕
1	䉷
1	䢋
1	粤
1	鼔
1	䶀
1	㡮
1	虨
1	䖔
1	䖊
1	䖐
1	䖜
1	䀁
1	䀇
1	盄
1	㯯
1	䀊
1	盦
1	冟
1	籑
1	䬼
1	饖
1	䬽
1	䬴
1	朇
1	䢈
1	㞥
1	䍍
1	䍌
1	䍇
1	䍎
1	䍄
1	罐
1	䯧
1	䈞
1	麧
1	䵀
1	䴾
1	约
1	夎
1	䪗
1	䪙
1	韌
1	柹
1	㮘
1	椲
1	桏
1	级
1	楈
1	楑
1	㰘
1	梣
1	蘽
1	㮩
1	㭔
1	橞
1	㭁
1	㰋
1	㯷
1	㭩
1	梭
1	㮿
1	楋
1	樜
1	梤
1	榝
1	槭
1	枒
1	橎
1	枮
1	㮨
1	杈
1	纨
1	栠
1	槇
1	䯂
1	橌
1	柖
1	㭂
1	㮝
1	槏
1	㰍
1	绂
1	纪
1	枱
1	錤
1	杚
1	㮐
1	檈
1	㯢
1	㮂
1	榺
1	槶
1	桊
1	柭
1	㯳
1	桰
1	㭕
1	橾
1	楇
1	橃
1	柆
1	㮓
1	杽
1	櫍
1	皣
1	㯡
1	㘣
1	囩
1	㘝
1	䞈
1	贎
1	貱
1	賖
1	貼
1	䢸
1	邮
1	郖
1	晋
1	邼
1	鄈
1	郉
1	郋
1	䣚
1	䣁
1	䣢
1	䢻
1	酁
1	㱕
1	邭
1	郂
1	䢳
1	䣇
1	邩
1	邖
1	郙
1	晄
1	㬜
1	晵
1	晹
1	㬫
1	曫
1	昪
1	㫱
1	㫘
1	㫍
1	㫏
1	旇
1	曐
1	参
1	曟
1	龓
1	㗬
1	㽕
1	䆏
1	稴
1	䄪
1	䅥
1	秨
1	䅁
1	秄
1	稛
1	稞
1	秳
1	稕
1	䵗
1	䊤
1	粈
1	䉺
1	䊎
1	䊳
1	糉
1	䵈
1	䕸
1	䪢
1	䪤
1	寏
1	宖
1	宬
1	㝣
1	寴
1	宭
1	钅
1	鲞
1	窨
1	䆢
1	䆷
1	穵
1	竆
1	㝲
1	练
1	㝥
1	寱
1	疴
1	㽱
1	㽾
1	㾕
1	㾺
1	疦
1	疛
1	痵
1	㿛
1	痋
1	㾁
1	㾅
1	㽺
1	㿄
1	痥
1	㽽
1	㝛
1	㞢
1	䍏
1	䍙
1	䍘
1	羀
1	罧
1	罠
1	罯
1	㠴
1	幋
1	㡆
1	㡄
1	㡏
1	㡐
1	幖
1	㠾
1	㡨
1	幐
1	㡉
1	㡔
1	㡇
1	幗
1	帒
1	幞
1	皢
1	㿥
1	皚
1	㑮
1	仜
1	傪
1	俺
1	倗
1	仢
1	儹
1	侒
1	侸
1	佮
1	傆
1	佀
1	伹
1	㒄
1	伭
1	僞
1	僐
1	㑵
1	俙
1	倄
1	韈
1	倃
1	侂
1	㑗
1	仚
1	屔
1	叞
1	襗
1	衧
1	襑
1	褺
1	裵
1	衦
1	褿
1	䘟
1	䘰
1	襖
1	㲦
1	毬
1	氅
1	䩁
1	㞟
1	㞒
1	㞓
1	屒
1	屟
1	䂓
1	䚕
1	覣
1	覶
1	䚄
1	覝
1	䚋
1	䙷
1	䚅
1	㰟
1	䚎
1	䚐
1	亲
1	覒
1	䙾
1	钙
1	䨳
1	㱍
1	欯
1	欨
1	歑
1	㰲
1	歕
1	欦
1	㰣
1	㱇
1	㰮
1	䯉
1	欭
1	㰶
1	㱂
1	䪴
1	顀
1	顩
1	䪳
1	䫡
1	䫞
1	頢
1	頣
1	䫶
1	頛
1	䫌
1	䫔
1	褉
1	䫥
1	䫲
1	䫒
1	頦
1	脜
1	䩌
1	䭬
1	頿
1	䫇
1	䫠
1	辬
1	䰐
1	䰈
1	䰓
1	䯾
1	䯽
1	鬑
1	䯸
1	䰉
1	鬕
1	䯰
1	䰕
1	髶
1	鬝
1	卶
1	卲
1	㔿
1	艵
1	勽
1	匌
1	䰡
1	䰧
1	魔
1	㕗
1	㞦
1	嶨
1	嶅
1	嶘
1	峼
1	嵍
1	嵇
1	嵟
1	嶏
1	㢚
1	廦
1	庰
1	㡲
1	庂
1	庢
1	廙
1	㢈
1	庱
1	㕆
1	㕇
1	㕋
1	㕊
1	䎠
1	奿
1	磺
1	䂹
1	硞
1	硻
1	硪
1	䃒
1	砧
1	豛
1	豧
1	豠
1	㣈
1	貚
1	纱
1	驑
1	䮗
1	䮧
1	騛
1	䮔
1	馼
1	馶
1	騯
1	䮸
1	冫
1	耴
1	䭿
1	駧
1	驧
1	䮤
1	騣
1	灋
1	㺜
1	㹥
1	㺌
1	㺑
1	㹽
1	㺕
1	犺
1	㹤
1	犻
1	狛
1	㺄
1	犾
1	㺇
1	䶂
1	覉
1	炥
1	焛
1	㷳
1	烄
1	纲
1	炦
1	稫
1	㷉
1	熜
1	灺
1	㷮
1	煴
1	昷
1	㶴
1	煗
1	焅
1	燽
1	䵳
1	䵮
1	黲
1	黤
1	黗
1	䵵
1	䵤
1	黵
1	黱
1	燊
1	爒
1	浾
1	奯
1	夽
1	奃
1	㚕
1	㚒
1	骩
1	尳
1	㝿
1	㝾
1	尲
1	尥
1	曓
1	㚖
1	䇐
1	竵
1	䇔
1	䇎
1	竲
1	悳
1	㥦
1	憕
1	恮
1	慸
1	懬
1	㥞
1	㥠
1	愐
1	㥆
1	忓
1	㦌
1	㥛
1	㥒
1	㤮
1	怋
1	㦣
1	当
1	㥟
1	忧
1	愪
1	憌
1	慯
1	愵
1	惂
1	慽
1	㤲
1	㤁
1	㥝
1	滞
1	㟭
1	涐
1	潩
1	潓
1	㵺
1	㵋
1	澑
1	滶
1	溳
1	澺
1	汳
1	㴲
1	灅
1	㶟
1	漹
1	涶
1	㶛
1	涻
1	㲽
1	淁
1	涺
1	沋
1	洇
1	淉
1	溑
1	汷
1	洦
1	汘
1	淙
1	涳
1	潣
1	潿
1	㳬
1	瀳
1	濢
1	㳷
1	汻
1	漥
1	汥
1	瀶
1	洐
1	淜
1	洓
1	澬
1	渿
1	㴶
1	沑
1	洏
1	漀
1	㵾
1	灒
1	㵞
1	韰
1	滁
1	洺
1	港
1	㶗
1	豂
1	豅
1	癛
1	凘
1	䨮
1	䨷
1	霃
1	䨞
1	霩
1	霚
1	䨒
1	霎
1	靄
1	䲊
1	䱬
1	䱭
1	鯍
1	䱾
1	䱏
1	鮍
1	䱂
1	鰻
1	鮷
1	䲚
1	䱵
1	鮸
1	䲐
1	鰸
1	鯜
1	鮊
1	䏽
1	魿
1	鯛
1	鱻
1	龗
1	䨽
1	靠
1	䙵
1	鹼
1	戻
1	肁
1	㧁
1	䦏
1	䦪
1	䦳
1	郷
1	闤
1	聥
1	聉
1	聑
1	聱
1	撎
1	㧬
1	捦
1	㩜
1	搹
1	擪
1	烕
1	摕
1	捊
1	捪
1	扴
1	搳
1	拹
1	揂
1	捀
1	擧
1	攈
1	揯
1	摍
1	㨜
1	撢
1	捼
1	㨔
1	搑
1	㧢
1	捇
1	㨡
1	掕
1	抰
1	㨐
1	摬
1	摼
1	㩓
1	拕
1	揙
1	搵
1	掐
1	攤
1	打
1	䱔
1	㜣
1	奼
1	殁
1	㛮
1	妿
1	娒
1	妭
1	㜎
1	㚤
1	妸
1	嬩
1	孁
1	㛄
1	妀
1	妵
1	㛅
1	媄
1	㜅
1	嬹
1	嬮
1	嬽
1	娧
1	婠
1	㜺
1	㚲
1	孂
1	妌
1	姂
1	嫙
1	䶒
1	婜
1	媅
1	娓
1	媣
1	娕
1	㛥
1	嫴
1	姷
1	姰
1	䆯
1	㜘
1	㛆
1	嫸
1	娺
1	姸
1	妜
1	㜇
1	嫼
1	媁
1	娹
1	㛼
1	嬬
1	娝
1	㜤
1	㜗
1	孃
1	㛪
1	嫯
1	汚
1	婥
1	奻
1	㲳
1	㔴
1	匫
1	匬
1	㻃
1	㼝
1	㼸
1	㼽
1	㼲
1	瓪
1	瓻
1	弴
1	弙
1	瓕
1	弻
1	玅
1	繋
1	聮
1	纅
1	䋼
1	緈
1	㚔
1	䋰
1	䌴
1	䌖
1	緭
1	䌳
1	䋛
1	緑
1	䋭
1	絑
1	紻
1	㬧
1	紴
1	緃
1	緟
1	䋉
1	䋎
1	䋢
1	䊸
1	䋣
1	繮
1	縼
1	絠
1	䋨
1	䋽
1	繖
1	蚦
1	纽
1	螕
1	芈
1	䖼
1	蠏
1	蠗
1	蜑
1	䬍
1	䬑
1	䫻
1	䬆
1	颲
1	䬒
1	颼
1	颭
1	䶱
1	蟇
1	䵶
1	墺
1	坪
1	塙
1	㙚
1	堫
1	坄
1	圪
1	㙩
1	垜
1	垷
1	壐
1	㙷
1	垎
1	垐
1	垍
1	埱
1	埐
1	埾
1	埩
1	墇
1	垑
1	㙤
1	疈
1	㙠
1	埍
1	塔
1	埅
1	㽥
1	畍
1	疄
1	丣
1	䵎
1	䵋
1	黇
1	勠
1	勨
1	㔣
1	勡
1	鏈
1	鋚
1	鐼
1	鋻
1	鑗
1	膓
1	䥵
1	銒
1	䥝
1	鎣
1	鑯
1	鏇
1	鐪
1	鏨
1	䤥
1	鐅
1	鉵
1	䥯
1	鎭
1	湻
1	鈁
1	鏓
1	鍃
1	鏢
1	銴
1	鉣
1	鐉
1	錔
1	銽
1	鉻
1	鈌
1	鏉
1	鐂
1	鈋
1	鐜
1	鍒
1	錗
1	鑺
1	鈿
1	釧
1	処
1	斠
1	㪺
1	㪵
1	㪻
1	䂇
1	䡴
1	䡬
1	䡈
1	䡊
1	凑
1	䡞
1	纩
1	䡇
1	䡣
1	䡓
1	䡾
1	㞋
1	軭
1	䡰
1	䡝
1	軖
1	輭
1	䧰
1	侌
1	阭
1	䧇
1	陚
1	䦺
1	䧘
1	隖
1	陯
1	陙
1	䧖
1	㠱
1	㝃
1	孼
1	孒
1	孴
1	䤁
1	酴
1	䤊
1	䤗
1	醰
1	䣪
1	䣧
1	䤐
1	䤉
1	醧
1	醅
1	䤘
1	䤎
1	䣼
1	䤔
1	䣸
1	箌
1	妉
1	蠠
1	勴
1	癵
1	㾖
1	疷
1	諲
1	肶
1	汱
1	㗉
1	儴
1	諐
1	遾
1	滷
1	庥
1	顁
1	隌
1	廯
1	矏
1	萲
1	栱
1	榤
1	槉
1	筄
1	閍
1	甋
1	鐯
1	罺
1	篧
1	罞
1	裗
1	䘽
1	袕
1	袸
1	褑
1	钀
1	餯
1	糷
1	釴
1	鈑
1	剒
1	繸
1	箷
1	䤹
1	毊
1	簥
1	篞
1	籈
1	雺
1	霡
1	彴
1	陓
1	厒
1	峐
1	豄
1	澞
1	濋
1	灛
1	蔧
1	菥
1	虉
1	萒
1	蘾
1	萰
1	蒵
1	藱
1	葖
1	苬
1	菧
1	葋
1	芵
1	茪
1	莁
1	蔱
1	薡
1	藆
1	藅
1	莌
1	蒡
1	蔖
1	莐
1	蕮
1	蔨
1	薃
1	蕸
1	蒫
1	蒠
1	薚
1	莬
1	藬
1	蘈
1	莓
1	藫
1	蒛
1	葐
1	虃
1	蘵
1	藒
1	葞
1	蔠
1	藈
1	袶
1	蔝
1	簢
1	芏
1	菤
1	蕎
1	薂
1	芅
1	苀
1	萿
1	虇
1	槄
1	櫠
1	檴
1	藲
1	朹
1	榽
1	橀
1	杬
1	檓
1	棯
1	㯈
1	樆
1	柛
1	椔
1	槸
1	棤
1	㮌
1	蛂
1	蚥
1	䖹
1	蟼
1	蛝
1	蛗
1	蟿
1	蚸
1	蜸
1	蛑
1	蟔
1	蟴
1	䖸
1	螒
1	蛶
1	螪
1	螱
1	蛈
1	蚢
1	鏬
1	鮂
1	鰦
1	鰹
1	鮵
1	鱀
1	鱁
1	鮛
1	魱
1	鮤
1	鱴
1	鱊
1	鮬
1	鯞
1	鰴
1	鯠
1	蜌
1	螖
1	蠌
1	贆
1	貾
1	蚆
1	蜠
1	鴀
1	鵧
1	鸙
1	鵱
1	鷋
1	鴮
1	鷣
1	鳭
1	鴱
1	鵯
1	鴾
1	鳦
1	鶞
1	鴔
1	鷧
1	鸍
1	鶟
1	鶦
1	鸉
1	鷏
1	鴩
1	鶆
1	鸄
1	鶶
1	鷵
1	鸐
1	鵫
1	鵗
1	鼵
1	鷒
1	鶔
1	翪
1	蹼
1	鳼
1	鷅
1	麜
1	麆
1	獥
1	嬔
1	豱
1	豴
1	豥
1	甝
1	鼳
1	驨
1	羱
1	貄
1	鼭
1	鼤
1	鼮
1	鼰
1	齥
1	驓
1	翑
1	騴
1	駺
1	馻
1	騇
1	騝
1	騥
1	駂
1	駩
1	犘
1	犤
1	犩
1	犣
1	犑
1	牰
1	犚
1	犈
1	牬
1	犌
1	羷
1	猣
1	玂
1	狣
1	雓
1	砲
1	堰
1	䑍
1	觔
1	徃
1	麫
1	䐧
1	
1	䐿
1	暕
1	褠
1	襈
1	鞋
1	窓
1	莂
1	篴
1	䡟
1	鏕
1	鞧
1	艨
1	艦
1	瞎
1	唵
1	硼
1	㦟
1	䜏
1	妦
1	㣿
1	哴
1	䌪
1	䟷
1	㯃
1	﨣
1	䚽
1	菈
1	瘎
1	袏
1	褣
1	䙢
1	襬
1	䘴
1	䙭
1	襣
1	䘯
1	䘸
1	䘹
1	裪
1	帍
1	裱
1	䋸
1	襎
1	褹
1	䘨
1	籝
1	檧
1	㼚
1	㼶
1	㼡
1	瓺
1	㽄
1	㼴
1	㼵
1	籮
1	煼
1	䃀
1	樎
1	㡞
1	帪
1	䥩
1	鍏
1	桲
1	鐹
1	样
1	䌞
1	䓆
1	篕
1	杫
1	篗
1	轣
1	聧
1	䎵
1	拎
1	儝
1	䵓
1	槣
1	媓
1	鋁
1	䳚
1	䳫
1	䳕
1	䲩
1	蔷
1	蟙
1	䘃
1	蜤
1	䗔
1	鏔
1	鍦
1	鍴
1	䡺
1	䈐
1	䈿
1	㮥
1	篷
1	輫
1	䋺
1	鉀
1	艜
1	㮪
1	艁
1	㰏
1	艗
1	艏
1	吂
1	㷄
1	㗤
1	譠
1	㦒
1	忚
1	㧾
1	慂
1	覗
1	摣
1	䗁
1	䳄
1	螲
1	蛞
1	蚟
1	蚮
1	蠮
1	䖭
1	䗅
1	虶
1	䖡
1	蚭
1	蝳
1	䖻
1	愋
1	姉
1	䃷
1	楕
1	胴
1	顮
1	焭
1	憵
1	苂
1	㤕
1	薵
1	鑈
1	遃
1	䭨
1	䭘
1	䎗
1	諻
1	鈵
1	睺
1	炖
1	焃
1	煓
1	䵨
1	㖪
1	㑜
1	㩩
1	㒓
1	毻
1	撈
1	䒰
1	埝
1	扲
1	㗔
1	倇
1	搪
1	㩒
1	漺
1	䵱
1	攋
1	䧞
1	㯸
1	䀂
1	䀉
1	餣
1	䬧
1	䬵
1	䭉
1	餹
1	䵆
1	䴹
1	欞
1	㽌
1	堬
1	墲
1	轗
1	䋃
1	㠿
1	緞
1	鉇
1	槫
1	鉾
1	䡻
1	䡦
1	痮
1	䁾
1	皻
1	䐢
1	㶼
1	皏
1	膶
1	疎
1	㾬
1	礔
1	礰
1	胭
1	㰦
1	擦
1	慪
1	顳
1	顬
1	㤣
1	骷
1	䐈
1	佘
1	鈦
1	瘰
1	癧
1	萓
1	啘
1	悞
1	焙
1	煅
1	癱
1	茋
1	麯
1	症
1	痃
1	蒴
1	㽲
1	趐
1	疳
1	榔
1	腮
1	鯽
1	鮧
1	菪
1	㿍
1	齢
1	卌
1	屳