oj 埃,哀
ajH 藹
eaH 隘,阸
ojH 愛,僾
ngajH 艾
an 鞌,安,鞍
omX 晻
anH 案,按
omH 晻,暗
keam 黬
nganH 岸,豻
ngang 卬
angH 㼜
ngaw 熬,囂,敖,嗸
awX 媼
awH 奧,澳
pae 巴,豝
peat 八
bat 茇,軷
beat 拔
pat 茇,胈,撥
paeX 把
beaX 罷
paeH 霸
baek 白,帛
paek 百,伯,迫,柏
baejH 敗
beaH 稗
paejH 敗
peajH 拜
paen 班,頒,朌,斑,扳
pan 搬
paenX 版,板
pjonX 反,返,阪
banX 伴
beanH 辦,釆
panH 半
paewng 邦
baewngX 蚌,蜯
bangH 傍
paengH 榜
pangH 謗,舫
paew 包,胞,苞
paw 褒
baewk 雹
paewX 飽
pawX 保,寶
bawX 抱
bawH 暴
buwk 暴,僕,瀑,曝
paewH 爆,豹
pawH 報
pij 悲
pje 碑,陂,羆
pjie 卑,裨
pwoj 杯
pok 北
bajH 拔,茷
bijH 備
bjeX 被
bjeH 被
bwojX 倍
bwojH 背,佩,悖,焙,孛,誖,偝
bwot 勃,悖,孛,誖,艴
pajH 貝
pwojH 背
pwon 奔,賁
pwonX 本,畚
paeng 祊
peang 繃
pong 崩
puwngX 琫
peangH 迸
pongH 堋
pik 偪,幅,逼
bjijH 鼻
pijX 鄙
pit 筆,柲
pjeX 彼
pjijX 比,匕,妣,秕
bejX 髀
bek 辟,甓
bet 苾
bit 邲
bjieX 婢,庳
bjieH 避
bjiejH 幣,斃,敝
bjiek 辟,擗
bjit 泌,邲
pejH 閉,嬖
pek 壁
pijH 轡,毖,閟
pjaek 碧
pjeH 賁
pjieX 髀
pjieH 臂
pjiejH 蔽
pjiek 辟,璧
pjij 庇
pjijH 比,庇,畀,妣
pjit 必,畢,彃,蹕,篳,韠
pen 邊,編
pjien 𠓥,編,鞭,籩
penX 扁
pjemX 貶
pjemH 窆
benX 辮
bjenX 辯,辨
bjenH 卞,弁,笲
bjienX 諞
bjienH 便
penH 徧
pjenX 辡
pjenH 變
pjiw 髟
pjewX 表
bjiewX 摽
pjiet 鱉
bjet 別
pjet 別
pin 彬,豳
pjin 賓,瀕
ping 冫,冰
pjaeng 兵
pjieng 并
limX 禀,稟,凜,廩
pimX 稟,禀
pjaengX 丙,秉,炳,邴
pjiengX 餅
bengX 並
bjaengH 病
pjaengH 柄,枋,棅
pjiengH 并,併,聘
pa 波,番
paewk 剝,駁
bak 薄,泊
pak 博,搏
phak 胉,膊
pjuH 付,賦,傅,搏
powk 襮
paX 簸,跛
paH 播,簸
peak 擘,𠠦
buH 步,哺
puX 補,圃
puwk 卜,濮
buX 簿
buwX 部
pjuw 不
puH 布
dzoj 才,財,材,裁
tshojX 采,採,彩
tshajH 蔡
tshojH 菜
tshom 參,驂
dzam 慚,慙
dzan 殘,戔
dzom 蠶
tshanH 粲
tshang 倉,凔,蒼
dzang 藏
tshawX 草,操
tshawH 造,操
dzaw 曹
tsrheak 策,册,栅
tsrhiH 廁
tsrhik 畟,測
tsrik 側,夨,𠨮,仄,𣅔,昃,𣅛
tsrhim 參,駸,槮
dzong 曾,層
tsrhae 差
tsrheap 插,臿,扱
drae 荼,秅
dzrae 槎
dzraeX 槎
tsrheat 察
trhaeH 詫
trhaek 拆,坼
tsrhea 差
tsrheaj 差
dzrea 祡,柴
dzreaj 豺,儕
trhaejH 蠆
tsyhem 幨,襜
drjen 纏,廛,躔
dzrean 孱
dzyen 單,蟬
sreanX 產
trhjemX 諂,讇
tsyhemH 幨
drjang 長,場,腸
dzyang 常,嘗,裳
tsyhangX 敞,惝
trhjangH 悵,鬯
tsyhangH 唱,倡
trhjew 超
drjew 朝,潮
dzraew 巢
tsrhaewX 炒
tsyhae 車
drjet 徹,撤,轍,澈
trhjet 徹,撤
tsyhin 瞋
drim 沈
drimH 沈,鴆,酖
drin 陳,塵
dzyim 煁,忱,諶
dzyin 臣,晨,辰
zyin 神,晨
trhaeng 瞠
trhjeng 赬,䞓
tsyhing 稱
draeng 棖,𣥺
dreang 橙
dring 懲,澄
drjeng 程,呈
dzying 承,丞
dzyeng 成,城,盛,誠
zying 乘,繩,塍
trhjengX 逞,騁
tsyhingH 稱
trhij 絺,辴
trhje 离,魑,螭
tsyhij 鴟
dri 治,持
drij 蚳,坻,遟,遲
drje 池,馳,篪,踟
syeX 弛,豕
trhiX 恥,祉
tsyhiX 齒
tsyhaeX 哆
tsyheX 侈,哆
tsyhek 尺,赤,㡿,斥,厈
syeH 翅
trhik 勅
tsyhiH 熾
drjuwng 沖,蟲
syowng 舂,憃
trhaewng 憃
trhjuwng 忡
tsyhowng 衝
tsyhuwng 充
drjowng 重
dzrjuwng 崇
trhjowngX 寵
trhjuw 抽,瘳
drjuw 綢,稠,𠃬,𢏚,疇
dzrjuw 愁
dzyuw 讎
trhjuwX 丑,杻,杽
tsyhuwX 醜
tsyhuwH 臭
xjuwH 畜,臭,嗅
tsrhjo 初
tsyhwit 出
drjo 除
drju 廚,躕
dzrjo 鋤,鉏
tsrhju 趨,芻
tsrhjoX 楚
tsyhoX 處,杵
trhjowk 豖
trhjuwH 畜
trhjuwk 畜,稸,滀,蓄
trhwit 黜
tsyhoH 處
tsyhowk 觸
tsyhuwk 俶
tsrhjweX 揣
tsrhwaejH 嘬
tsrhweajH 嘬
tsyhwen 穿,川,巛
drjwen 傳,椽
dzywen 輲
zywen 船
tsyhwenX 喘,舛
tsrhaewng 窻,窗,䆫
tsrhjang 創,瘡
draewng 撞,幢
dzrjang 牀
tsrhjangH 創
tsyhwe 吹
drjwe 錘
drwij 椎
dzywe 垂
tsyweX 捶
tsyhweH 吹
tsyhwijH 出
trhwin 䡅,輴
tsyhwin 春
dzywin 純,淳,鶉
zywin 脣,漘
trhjak 躇
trjwet 綴,輟,掇,叕
trwaet 錣
tsyhak 綽
tsyhwet 啜,歠
tsrhje 差
dzi 慈,茲
dzij 餈
zi 詞,辭,祠
tshjeX 此,泚
sjeH 賜
tshijH 次
tshjeH 朿,刺
tshjek 刺
tshuwng 聰,蔥
dzjowng 從
dzuwng 叢
tshuwX 取
tshu 粗
dzu 徂
tshjowk 趣
tshwanH 竄
dzwoj 崔
tshwoj 衰,催,縗
tsrhjwe 衰
dzwijH 萃
tshjwejH 脃,脆,毳,䄟,帨
tshjwet 膬
tshwojH 倅,啐,淬,焠
tsrhjwejH 㯔,毳
dzwon 存
tshwonX 刌,忖
tshwonH 寸
tsha 差,磋
tshwat 撮
dza 鹺
tshaX 瑳
tshwaX 脞
tshak 錯
tshuH 措
tshwaH 剉
dat 達
tat 憚,怛
top 答,荅
daH 大
dajH 大,汰
dojX 待,怠,殆,詒,迨,𨽿
dojH 代,袋,隶,逮
tajH 帶
thojH 態,貸
tojH 戴
tam 擔,儋
tan 單,丹,鄲,簞
tom 耽
tamX 膽
tanX 癉,𤺺,亶
damX 淡,憺,澹,啖,啗
damH 啗
danX 但
danH 彈
domX 禫,窞,萏
tamH 擔
tanH 旦,憚
tang 當
tangX 黨
dangX 蕩,愓,盪
dangH 蕩,碭
tangH 當
taw 刀
dawH 道,導,盜,蹈,悼,纛
tawX 倒,島,禱,擣
dawX 道,稻
tawH 到,倒
tok 得,德
tong 登,燈,鐙,豋
tongX 等
tej 氐
dek 敵,狄,滌,翟,糴,覿,踧,篴,蓧
tek 嫡,蹢,的,适,弔
tejX 底,抵,氐
dejX 弟,遞,娣
dejH 折,棣,杕,軑,第,睇,禘
dijH 地
tejH 帝,嚏
ten 顛,驒
temX 㓠,點,玷
tenX 典
demX 簟,驔
denH 電,殿,甸,奠,佃,畋
temH 店,墊,玷,㓠,坫
tenH 殿
tew 彫,雕,凋
tewH 弔,釣
det 跌,墆,迭,垤
dep 疊,蝶
tep 墊,輒
teng 丁,釘
tengX 頂,鼎
dengH 定
tengH 定,釘
towng 冬
tuwng 東
duwngX 動
tuwngH 凍
tuw 兜
tuwX 斗
duwH 豆,竇,脰
tuwH 鬥,鬭
tu 都
dowk 毒,纛
duwk 獨,讀,瀆,犢,牘,櫝,匵
sowk 裻
towk 裻,篤
tuX 肚,賭,堵,睹
duX 肚
duH 度,渡
tuH 妬,妒,蠹
twan 端,耑
twanX 斷,短
dwanX 斷
twanH 斷,段
twoj 𠂤,堆,敦
drwijH 隊,墜,懟
dwajH 脱,兑
dwojH 隊
trwijH 轛
twojH 對
twon 敦
dwonX 盾,遁,豚,遯
dwonH 遁,遯
ta 多
twot 咄
dak 度,鐸
dwat 脱,奪
twat 掇
daX 舵
dwaX 墮,惰,隓,隋
a 阿
nga 鵝,蛾
ngaek 額
ngwa 譌,吪,訛
ak 惡,堊
at 遏,閼,頞
eak 戹,厄,軛,阨,搤,隘
ngaH 餓
ngak 愕,咢,遌,諤
on 恩
nyi 而
nye 兒
nejX 爾,尼
nyiX 耳
nyiH 餌
nyeX 尔,爾,邇
nyijH 二,貳
pjot 發,髮
bjop 乏
bjot 罰,伐
pjop 法,灋
phjon 番
pjon 藩,蕃
bjom 凡
bjon 煩,繁,蕃,燔
baenX 反
bjomX 範,范
bjonX 飯
bjonH 飯
bjuwng 汎,馮
phjomH 泛
phjang 芳,妨
pjang 方,匚
bjang 房,防,坊,魴
phjangX 紡,髣
phjangH 訪
pjangX 放,昉,瓬,旊
pjangH 放,舫
phj+j 妃
pj+j 非,飛,誹,扉
bj+j 肥
phj+jX 朏,斐,悱
pj+jX 匪,蜚
bjojH 吠
phj+jH 昲,費
phjojH 肺
phjut 祓,刜,彿,拂,茀,艴
pj+jH 沸,疿
pjojH 廢,祓
pjun 𦐈,饙,分
bjun 焚,賁
pjunX 粉
bjunX 憤
bjunH 分
pjunH 奮,糞
phjowng 豐,鋒,蜂
phjuwng 豐
pjowng 封
pjuwng 風
bjowng 縫,逢
pjowngX 覂
bjowngX 奉
bjowngH 縫
phjowngX 奉
phjuwngH 賵
pjuwngH 風,諷
pjuwX 否,缶
phju 鋪,敷,痡
pju 夫,膚
bj+jH 怫
bjowk 幞
bju 夫,符,扶
bjut 佛,怫,咈
bjuw 枹,浮,蜉,桴
bjuwH 復,伏
bjuwk 畐,匐,𠬝,服,箙,复,復,伏,輹
bok 匐
pjut 弗,紱,茀
pjuwk 複,福,幅,腹,輻
bjuX 父,腐,輔
phjuX 撫
pjuX 府,父,甫,斧,脯,鈇,簠
bjak 縛
bjuH 附,傅
bjuwX 服,負,婦,阜
phik 副
phjuH 仆,赴
phjuwH 覆,副,仆
phjuwk 覆
pjuwH 富
koj 該
kojX 改,攺
kajH 蓋,匃
kat 匃,割,葛
kojH 概,溉
kam 甘
kan 干,乾,漧,肝,奸,竿,飦
kamX 敢
kanX 秆,笴,簳
komX 感,贛
kanH 倝,幹
komH 贛,紺
kang 剛,鋼,綱,亢
kaw 高,膏,皋,鼛,羔
kawH 告,膏,誥
kawX 稿
kowk 告,郜
ka 歌,柯
kak 各,閣,胳
kop 鴿,閤,韐,合
kwa 過,戈
kaek 𢓜,格
keak 革,隔,鬲
keap 韐,夾
kaH 箇,個,个
kon 根
kongH 亙
kaeng 更,庚,羹
keang 耕
kaengX 梗
keangX 耿
kaengH 更
kjowng 供,龏,恭,龔
kjuwng 宮,躳,弓,躬
kuwng 公,工,功,攻
kwaeng 觥
kwong 𠃋,肱
kjowngX 𢀜,鞏,廾,𠬞,拱,拲
gjowngH 共
kuwngH 貢,贛
kuw 句,溝,拘,鉤,篝
kuwX 狗,苟
kuwH 句,彀,冓,購,媾,覯
xuwH 訽
ku 姑,孤,菇,呱,罛,沽,觚
kuX 古,股,賈,牯,羖,鼓,鼔,沽,蠱,詁,瞽
kuwk 谷,穀,轂
kwot 骨,汩
kuH 故,顧,固,雇,錮,痼
kwae 瓜,蝸,騧
kwaet 刮
kwat 𠯑
kweat 劀
kwaeX 寡,冎,咼
kweaH 挂,掛,卦,絓
kweaj 乖
kwaejH 夬
kweajH 怪,壞
kwaen 關
kwaenH 慣,串,倌,摜
kwan 觀,官,貫,冠,棺,莞
kwean 綸,鰥
kwanX 管,筦,痯
kwanH 觀,館,貫,冠,灌,鸛,祼,雚
kwang 光
kwangX 廣
kwangH 廣
kjuw 龜,鳩
kjw+j 歸
kjwe 媯
kjwie 規
kwej 圭
kwij 龜
kwoj 瑰
kjw+jX 鬼
kjweX 詭
kjwijX 癸
kwijX 軌,簋
gjweX 跪
gwijH 櫃,饋,餽,匱,蕢,㬰
kjw+jH 貴
kjwejH 撅,劌,蹷
kwajH 會,檜,膾,澮,襘,巜,鬠
kwak 郭,槨
kwaek 虢
kweak 馘
kwok 國
kwaX 果,裹,蜾
kwaH 過
hae 蝦,瑕,遐,騢
heaj 骸,湝
hoj 孩
xojX 海
hajH 害
heajX 駭
hojX 亥
ham 酣,邯
han 韓,寒,邯
hom 圅,含,函,唅,涵
homH 含,憾
xanX 罕,暵,厂
hanX 旱
hanH 汗,翰,扞,捍
homX 頷
hwaenX 莞,睅
xanH 暵,漢,厂
hang 行,杭
xaw 蒿,茠,薅
haw 號,毫,豪
hawH 號,号
xawX 好
hawX 浩,灝
xawH 藃,好
xa 呵,訶
xop 欱
ha 何,河,荷
hap 蓋,盍
hat 褐,曷
heak 核,覈
hojH 劾
hok 劾
hop 合
hot 齕
hwa 和,禾
haX 荷
haH 賀
haewk 學,鶴,翯,鷽
hak 鶴
howk 隺
hwaH 和
xaek 赫,嚇
xak 壑
xok 黑
honH 恨
xaeng 享,亨
haeng 行,衡,桁
hong 恆
hwaeng 橫
xwong 薨
huwng 紅,洪,鴻,虹
hweang 宏,嶸
hwong 弘
huwngH 鬨
huw 侯,喉,鍭,猴
huwH 鍭,後,候,逅
huwX 後,后,厚
hu 乎,胡,湖,糊,狐,壺,弧,瑚,葫
xu 幠,呼,虍
xwot 忽,惚,芴
hwot 搰
xuX 所,許,虎,滸
huX 祜,鳸,戶,扈
huH 沍,護,互,瓠,枑
xuH 呼
xju 荂,吁,訏
xwae 花,華,譁
hwae 華,划,鼃
hweat 滑,猾
hwaeX 輠,踝
hwaeH 華,擭
hwaejH 話
hweaH 畫,繣
hweak 劃,畫,蒦,獲
xwaeH 化
xweak 繣
hweaj 懷,淮,槐
hwoj 回,迴,槐
hweajH 壞
hwojX 壞,輠
xjwon 讙,貆,諠,喧,諼,塤,吅,壎
xwan 歡,懽,驩
hwaen 還,環,睘
hwan 桓,亘,雈,完,丸,芄
hwanX 緩,輠,浣
hwaenH 患,宦,擐
hwanH 換
xwanH 煥,渙
xwang 巟,衁,荒,詤
hwang 黃,皇,煌,蝗,徨,隍
xwangX 慌,芒,詤
xjw+j 揮,輝,徽,暉,煇,楎
xjwie 墮,隳,觿
xwoj 灰,虺
xjw+jX 虺,𤈦
xjweX 毀,烜
xwojX 悔,賄
jwojH 穢
hwajH 會,繪
hwejH 慧,惠,叀
tsyhwejH 喙
xjwieH 隋
xjwojH 喙,顪
xwajH 翽
xwejH 嘒
xwojH 晦,誨,靧
zjwejH 彗
xwon 婚,昏
hwon 魂,渾,楎
hwonX 混,渾
hwat 活
hwaX 夥,禍
xwaX 火
hwak 穫
hwok 或,惑
xwaH 貨
xwat 濊
gj+j 祈,畿,蘄,蟣,旂
gjaek 屐
kej 枅,雞,稽,笄,鷄,𥝌
kek 擊,激
ki 基,姬,箕
kij 肌,飢
kijX 机,几
kj+j 機,幾,饑
kje 奇,羈
tsej 䪡,躋,隮
tsek 績
tsjek 積,借,跡,迹,脊,𨒪,蹟,踖
dzip 集,輯
dzit 疾
dzjek 籍,藉,踖
gik 極
gip 及
git 佶
kik 棘,亟,朸
kip 給,級,急
kjit 吉
tsik 即,稷
tsip 揖
tsit 堲
tsjep 接,睫,楫,椄
tsrip 濈,輯
kiX 己,紀
kj+jX 幾
kjaek 戟,丮
tsejX 濟,泲
dzejX 薺
dzek 寂
giH 忌,綦
gijH 暨
gjeX 技,伎,踦
gjeH 騎,芰
gjwijH 悸
kejH 繫,係,計,繼,髻
kiH 記
kijH 冀,驥
kj+jH 既
kjeH 寄
kjejH 罽,猘
kjiejH 瘈
kjwijH 季
tsejH 濟
tsjejH 際,祭,穄
kae 家,加,嘉,豭
kaep 梜,甲
kep 梜
keat 秸,戛,袺
kjaep 跲,劫
kaeX 叚,假,斝
kaeH 價,駕,賈,嫁,稼
kea 街,佳
kaem 監
kaen 姦
kean 蕑,間,𡏳,艱,囏
kem 兼,蒹
ken 豣,肩,枅,堅,幵
kjon 𩱡
tsjem 漸,熸
gjemX 儉
heamX 減
keamX 減
keanX 簡,揀,柬
kenX 繭
kjemX 檢
kjenX 𢵈
tsjemX 䭕
tsjenX 翦
dzenH 荐,洊,栫
dzjemX 漸
dzjenX 踐,俴
dzjenH 賤
gjenX 件
haemX 檻
hamX 檻
kaemH 監
kaenH 諫,澗
kenH 見
kjaemH 劍
kjonH 建
tsemH 僭
tsenH 薦
tsjenH 箭,濺
kaewng 江
kjang 姜,薑,畺,疆
tsjang 將,漿
kaewngX 講
tsjangX 奬
dzjangH 匠
kaewngH 降,虹
tsjangH 將,醬
kaew 教,交,膠,郊,茭
kew 徼
tsew 椒
tsjew 焦,椒
kaewX 膠,絞,攪,鉸
kaewk 覺,角,玨
kewX 僥,皦
kjak 腳,脚
kjewX 矯,蹻
tsjewX 剿
dzjewH 噍
kaewH 教,覺,校,窖
kewH 叫,徼
gjet 傑,揭,竭,桀
gjot 揭
keaj 階,皆,偕,喈
khjejH 揭,憩
khjet 揭,愒
kjot 揭
tsjae 嗟
dzet 截
dzjep 捷
ket 結,潔,拮,袺
khjit 詰
kjet 桀,訐
tset 節,卪
keaX 解
dzjaeH 藉
kaejH 犗
keajH 界,介,屆,戒,誡,芥,疥
tsjaeH 借
kim 金,今,䘳,襟
kin 巾
king 兢,矜
kj+n 斤,筋
tsin 津
gin 矜,堇
ginH 殣,僅,墐,饉
kimX 錦
kj+nX 謹,堇,蓳
kjinX 緊
tsinX 盡
dzinX 盡
dzinH 燼
gj+n 慬,勤,芹,懃
gj+nX 近
gj+nH 近
kimH 禁
kj+nH 蓳
tsinH 進,晉
gjaeng 鯨
heang 莖,牼
keng 經,巠
kjaeng 京,驚,荊
tsjeng 精,睛,晶,靖,旌
gjieng 頸
kengX 剄
kjaengX 境,警,景
kjiengX 頸
tsjengX 井,丼
dzjengH 淨
gjaengH 競
hengH 脛
kengH 徑
kjaengH 竟,敬,鏡
kjiengH 勁
kweng 坰,扃
khwengX 褧
kjwaengX 囧
kjiw 丩,摎,樛
kjiwX 糾
kjuwH 究,廄,㝌,救,疚
kjuwX 九,久,灸,韭
tsjuwX 酒
dzjuwH 就
gjuwX 舅,咎,臼
gjuwH 舊,柩
kjo 車,居
kjoH 據,居,鋸
kjuwk 鞠,鞫
tshjo 砠,雎,鴡,岨
tsjo 且
tsju 娵,諏,掫
gjowk 局
kjwit 繘,橘
kwek 狊,鶪,鵙
dzjoX 沮
kjoX 舉,莒,筥
kjuX 拒,矩,枸
dzjuX 聚
dzjuH 聚
gjoX 拒,粔
gjoH 遽,醵
gjuH 具,懼
kju 俱,拘
kjuH 句,屨,鞻,䀠
tsjuH 足
kjwenX 卷
kwenX 畎
gjwenX 圈
kjwenH 眷,睠
kjwienH 絹
dzjwet 絕
gjak 𧮫,蹻
gjut 掘,倔
gjwot 掘,蹷
kjwak 攫,矍,躩
kjwot 厥,蕨,蹶
kwet 決,訣,袂,譎
tsjak 爵,雀
kjun 軍,君
kjwin 均,鈞
kwin 麇,麕,麏
gjunH 郡
gwinX 菌
tswinH 駿
khoj 開
khojX 凱,豈,愷,鎧,塏
khojH 鎧,嘅,慨,咳,欬
xj+jH 訖,愾,塈,氣,餼
khan 看
khom 堪,戡
khomX 坎,竷,埳,欿
ngim 𠪚,吟
khanH 看
khang 康
khangH 抗
khaw 尻
khawX 丂,考,槁
khawH 犒
khwa 科,薖
khaX 可
khat 渴
khaek 客
khok 克,刻
khongX 肯
kheang 牼,硜,鏗
khuwng 空,悾
khjowngX 恐
khuwngX 空,孔
khuwngH 控
khuwX 口,叩
khuwH 寇,叩
khu 枯
khuwk 哭
khwot 窟,堀
khuX 苦
khowk 酷
khuH 庫,袴
khwae 夸,誇
khweajH 塊,喟,蒯,簣
khwaejH 快,噲
khwojH 塊
khwan 寬
khjwang 匡,筐
gjwang 狂
khwangH 曠,壙,纊
xjwangH 況
khjwe 虧
khjwie 窺
gjwij 葵
gjwijX 揆
gwij 戣,頯,逵,頄,馗
khwej 睽
khwoj 魁
hwojH 潰
khwijH 喟
kwijH 愧
ngweajH 聵
khwon 坤
kwon 昆,𥊽
khwonX 梱,稇
khwonH 困
khwak 擴,廓,鞟
khwat 闊
lap 臘,蠟
lat 辣,剌,糲
lop 拉
loj 𧳟,來
lajH 賴,籟,瀨,糲
lojH 賚
lanX 懶,瀾
lam 藍,籃
lan 蘭,闌
lom 婪
lanH 爛,爤
lang 浪,郎,狼,廊,琅,稂
ljang 俍,量,良,糧,梁,涼,粱
langX 朗
law 勞,牢
lawX 老
lawH 勞
lak 𤻲,落,樂,駱,轢
lok 勒,肋
ljwe 累,羸
lwij 纍
lwoj 靁,雷,罍
ljweX 累
lwijX 壘,誄,耒
lwijH 類,率,淚
lwojH 儽,耒
lej 黎,犁,犂
li 釐,狸,貍
lij 棃,梨,犁
lje 離,罹,纚
nrij 秜,尼,怩
lejX 禮,豊
liX 里,裏,理,李,鯉
lejH 麗,隸,荔,戾,涖
lek 歷,曆,礫,櫟,轢,䟏,䰜,𩰲,鬲
liH 吏
lijH 利,蒞
lik 力
lip 立,粒,笠
lit 栗
ljeH 離,詈
ljejH 厲,蠣,礪,糲
syak 䟏,爍,鑠
len 憐,蓮
ljem 廉,蘞,磏,簾,鎌
ljen 連,璉,漣
ljemX 斂
lenH 練,鍊
ljemH 斂
ljenH 僆
ljwenX 孌
ljwenH 戀
ljangX 兩
ljangH 量,亮,諒
lew 聊,僚,繚,寮
lewH 料
ljewH 尞
ljep 獵,躐
ljet 列,烈,裂,冽
lim 林,臨,淋
lin 鄰,鱗,磷,粦
linH 吝
leng 令,靈,零,齡
ling 夌,凌,陵
ljeng 令
ljengX 領
ljengH 令
ljiw 鏐
ljuw 留,鏐,摎,流,劉,旒
ljuwX 柳
ljuwH 翏
ljuwk 六,陸,戮
ljowng 龍
ljuwng 隆
luwng 籠,聾
ljowngX 隴
luwngX 籠
lju 婁
luwH 漏,陋,鏤
ljo 廬,藘
lu 蘆,𧆨,盧,爐,鑪
luX 魯,虜,鹵,櫓
ljowk 錄,綠,菉
luH 路,露,賂,輅
luwk 盝,琭,鹿,祿,睩,㯟,彔
lwan 鸞,鑾,欒,䜌
srjwenH 孿
srwaenH 孿
lwaX 卵,裸,倮,蠃,臝
lwanX 卵
lwanH 𤔔,亂
lwin 論,倫,輪,綸
lwon 論
lwonH 論
lwat 捋
la 羅,籮
lwa 螺,腡
lowk 濼
lijX 履
ljoX 儢,旅,呂
ljuX 縷
ljuH 屢
ljoH 慮
lwit 律,率
ljak 略
mae 麻
maeX 馬
maeH 罵
meaj 埋,薶,霾
meaX 買
maejH 邁
meaH 賣
meak 麥,脈,脉
maen 蠻
man 瞞
manX 滿,懣
maenH 慢
manH 曼,漫,幔
mjonH 萬,曼,蔓
maeng 盲,䖟
maewng 龍,尨,哤,駹,厖
mang 忙,芒
mjang 望,亡,忘,鋩
maew 貓,茅
maw 毛,旄
mjuw 謀,矛,牟
maewX 卯,昴,茆
maewH 貌
maewk 邈,瞀
mawH 冒,帽,芼,媢
muwH 貿,戊
mij 眉,麋
mwoj 梅,媒,煤,枚
mijX 美
mwojX 每,浼
meajH 𩎟
mijH 媚,魅
mjiejH 袂
mjijH 寐
mwojH 妹,昧
mwon 捫,璊,門,汶,穈,亹
meang 氓
mjaeng 明,盟,鳴
muwng 蒙
meangX 黽
maengH 孟
mjuwngH 夢
mej 麛,迷,麑
mje 靡,糜
mjie 彌,瀰,冞,𦊮
mjieX 彌,瀰,弭,敉
mejX 米,瀰
mjeX 靡
mek 汨,冪,幦,簚
mit 密
mjit 𥁑,蜜,謐
men 眠
mjien 宀
menX 眄
mjenX 俛,免,勉,冕
mjienX 湎,沔
mjienH 面
mjew 苗
mjiewX 渺,眇,杪
mjewH 廟
mjiewH 妙
met 幭,蔑
mjiet 滅
min 緡,珉,旻,閩
mjin 民,泯
minX 敏,憫,閔
mjaengX 皿
meng 銘,冥,鄍
mjieng 名
mjaengH 命
mjiwH 謬
ma 磨
mu 模,謨
maH 塺,磨
maek 陌,貉,貊
mak 莫,幕
mat 末,沫
mok 默,墨
mwot 𠬛,沒,歿,歾
muwX 某,母,姆,牡,畮,畝
mju 譕,無,无,巫,毋,誣,蕪
mjuwk 目,穆,𡍬,牧,睦
muH 墓,慕,募
muwk 木
nrae 拏,挐
nop 內,納
nojX 乃,廼,迺
najH 奈
nojH 耐
nan 難
nom 南,男
nraenX 戁
nanH 難
nang 囊
nangX 曩
naw 夒,猱,獶
nraew 鐃
nraewX 撓
nraewH 橈
nawX 腦
nreak 眲
nwot 訥
nywet 吶,爇,焫
nwojX 餒
nwojH 內
noj 能
nong 能
nej 泥,臡
nejH 尼,泥
ngej 倪,輗
ngiX 擬
nrijX 柅
nrijH 柅,膩
nek 溺
ngjaek 屰,逆
nrik 匿
nrit 䵒,䵑,昵,暱
nen 年
ljenX 璉,輦
nrjenX 蹍
nemH 念
tewX 鳥
newH 尿,溺
nget 齧,闑,槷
ngjet 孼,櫱,闑,讞
nrjep 踂,聶,躡
neng 甯,寧
nging 凝
nengH 甯,佞
ngjuw 牛
nrjuwX 紐,狃
nowng 農,膿
nrjowng 濃
luwngH 弄
nuwH 槈,耨
nu 奴
nuX 怒,弩
nuH 怒
na 那,儺
naX 儺
nak 諾
nrjoX 女,籹
nrjoH 女
ngjak 虐
uw 區,樞
uwX 嘔
nguwX 偶,藕,耦
bae 爬,耙
phaek 拍,霸,魄
bea 簰
beaj 排
phaen 攀
ba 婆,蟠,鄱,皤
ban 盤,蟠
banH 畔
phanH 判
baewng 龐
bang 彷,旁,傍,徬,蒡
phang 雱
phaew 摽
baew 匏
baw 袍
bij 𧳏,邳
phajH 肺,沛
phwojH 配
bwon 盆
phaeng 亨,烹
baeng 彭
bong 朋
buwng 逢,篷,芃
phij 丕
phje 被,披
bej 鼙
bje 皮,罷,疲
bjie 脾,裨
bjij 毗,貔
phjieX 諀
phjit 匹
phejH 淠
phjeH 被
phjieH 譬
phjiek 僻
phjien 篇,偏,翩
ben 駢,蹁
bjien 平,便,諞
phenH 片
phjienH 騙
phew 摽
bjiew 瓢,薸
phjiew 票
bin 貧
bjin 頻
phimX 品
bjijX 牝
bjinX 牝
phjiengH 娉
pheng 甹
beng 瓶,屏,苹,缾
bing 憑,馮
bjaeng 平
pha 頗
phaH 破
phuwX 剖
phu 痡,鋪
phuwH 仆
phuwk 撲,扑
bu 蒲,匍
phaewk 樸
phuX 普,浦
gi 其,期,旗,棋,綦,騏,丌
khi 欺
sej 棲,栖,嘶,屖,西,犀
tshej 妻,萋
tshek 慼,戚,鏚
tship 緝
tshit 七,桼,漆
dzej 懠,齊,臍
dzejH 懠
gij 鰭,祁,耆
gje 奇,騎,錡
gjie 歧,祇
khejX 稽,䭫,启,啟
khiX 起,杞
khj+jX 豈
khj+t 乞
khjeX 綺
khjieX 企
khjieH 企
khejH 契
khiH 亟
khijH 器
khip 湆,泣
khj+jH 气,氣
khjijH 棄,弃
tshejH 妻
heap 峽,狹,洽
kheat 㓞
khem 謙
khen 牽
khjen 騫,愆,褰
tshen 千,阡
tshjem 僉,譣
tshjen 𠨧,遷
tsyen 餰,氈,饘,鸇
dzen 前
dzjem 潛
dzjemH 潛
dzjen 錢
gjem 鉗,黔
gjen 乾,虔
zjem 燂
khjienX 遣
tshjemX 譣
tshjenX 淺
kheamH 歉
khjienH 遣
khjomH 欠
tshjemH 塹
khjang 羌
gjang 彊,强
gjangX 强
khaew 磽,骹
gjew 橋,喬,蕎
gjiew 翹
khaewX 巧
khewH 竅
tshjaeX 且
khep 匧
khet 契,鍥
tshet 切,竊
tshjep 妾
khim 衾
tshim 侵,浸,駸
tshin 親
dzim 鬵
dzin 秦
gim 琴,禽,擒
zim 鬵,爓,尋
khinX 螼
khinH 螼
tshimX 寢
gimH 衿
khjaeng 卿
khjieng 輕
khjwieng 傾
tsheng 青
tshjeng 清
dzjeng 情,請,晴
khengX 謦
khjwiengX 頃
tshjengX 請
khengH 殸,磬,𥥻,罄
khjaengH 慶
tshjengH 凊,倩
gjuwng 窮
gjwieng 瞏
khjuw 丘,蚯
tshjuw 緧,秋
dzjuw 酋,蝤
gjuw 求,球,仇,裘,逑
tsjuw 遒
zjuw 囚,泅
khjaep 胠
khjowk 曲
khju 驅
khjut 屈
gjo 渠
gju 劬,絇,瞿
tshjuX 取
khjoX 去
khjoH 去
khwek 闃
tshjuH 取,趣,娶
dzjwen 全,泉
gjwen 權,卷,拳,鬈
khwenX 犬
khjwonH 勸
khwet 缺,闋
khaewk 確,殼
khjak 卻,却
khjwot 闕
tshjak 鵲,舄
khwin 囷
tshwin 夋
gjun 群,裙,羣
nyem 髯
nyen 㸐,然,燃
nyemX 染
nyenX 熯
nyang 攘
nyangX 壤,攘
nyangH 讓
nyew 襓,饒,橈
nyewX 擾,繞
nyewH 繞
nyet 熱
nyim 壬,紝
nyin 人,仁
nyimX 飪,稔,恁,荏,衽
nyinX 忍
nrim 紝
nyimH 任,衽
nyinH 認,刃,軔,訒
nying 仍
nyit 日,衵
hjwaeng 榮,瑩,嶸
nyuwng 戎,茙
yowng 㝐,容,庸,頌,傭
yuwng 融,肜,彡,䑣
nyuw 柔
nyuwk 肉
nyo 如,洳
nyoX 汝,茹
nyoH 茹,洳
nyu 濡,襦
nyowk 辱,縟,蓐
nyuX 乳
nyip 入,廿
nyuH 孺
nywij 緌
dzyweH 睡,瑞
ywejH 鋭
nywinH 潤,閏
nyak 若,弱
sreaX 洒,灑,纚
sreaH 灑,曬
srjeH 灑
sat 摋
sojH 塞
sam 三,參
samH 三
sanX 散,傘
sanH 散
sang 喪,桑
sangX 顙
sangH 喪
saw 臊,鱢,騷,搔
sawH 燥,譟
sok 塞
srik 色,嗇,穡
srit 瑟,蟋,蝨
srim 参,森,參
srae 沙
sreat 殺
sraep 翣
sreap 歃
srjep 歃
srje 釃
sreajH 殺
sraem 芟,髟
sraen 潸
srean 山,潸
syem 苫
syen 膻,羶,羴
dzyemH 贍
dzyenX 墠,善,壇
dzyenH 禪,擅,繕
syemH 苫
syenH 扇
syang 湯,愓,商,傷,觴,饟
syangX 曏,賞,饟
dzyangX 上
dzyangH 上,尚
syangH 餉,曏,饟
sew 蕭,瀟,捎,簫
sraew 筲
syew 燒
dzyak 勺,杓
syewX 少
dzyewX 召
dzyewH 邵
sraewH 稍,削
syewH 少
syae 賖,奢,賒
dzyet 折
zyae 蛇
zyet 舌
syaeX 舍,捨
dzyaeX 社
syaeH 舍,赦
syep 攝,韘
syet 設
zyaeH 射
zyek 射
srin 兟,莘,詵
syim 深
syimH 深
syin 身,申,伸,紳,呻,娠
tsyinH 震,振,娠
syimX 審,沈,諗
syinX 哂
tsyhimX 瀋
dzyimX 甚
dzyimH 甚
dzyinX 腎,蜃
dzyinH 慎
srimH 罧
zyimX 葚
sraeng 生,甥
srjaeng 生
sying 勝,升,陞
syeng 聲
dzyengH 盛
syingH 勝
syengH 聖
zyingH 乘,剩
srij 師
syi 詩
syij 尸,屍,蓍
syip 濕,溼
syit 失,室
sye 施
dzyi 時
dzyip 十,什,拾
dzyek 石,碩
syik 式,識,飾,拭
zyik 食,蝕
zyit 實
sriX 使,史
sriH 使
syiX 始
syijX 𦳊,矢,屎
dzriX 士,仕
dzriH 事
dzrijX 柿
dzyiX 市,恃
dzyiH 侍
dzyijX 視
dzyijH 視,嗜
dzyeX 是,氏
dzyejH 誓,逝,噬,筮
syek 奭,螫,襫,𥼶,釋,檡,適,适
syiH 試,弒
syejH 世,勢,貰,埶
tsyik 戠,織,樴,職
tsyek 隻,適,炙,摭
xik 奭
zyijH 示
zyeX 舓,舐
syuw 收
syuwX 手,首,守
syuwH 首,守,獸,狩
dzyuwX 受,壽
dzyuwH 授,壽
srjuwH 瘦,漱
dzyu 殊,殳
dzyuwk 熟,淑,倏,孰
srjo 梳,疋,疏,疎,蔬
syo 書,舒,紓
syu 輸
syuwk 叔,菽,尗
trhjo 攄
tsyhu 樞
zyoX 抒,紓,杼
zyowk 贖
zywit 術,述,秫,鉥,朮
dzyoH 署
dzyowk 屬,蜀
srjuX 數
syoX 鼠,癙,暑,黍
dzyuX 樹,豎
dzyuH 尌,樹
srjuH 數
syoH 恕,庶
syowk 束
syuH 戍
srjwet 刷
srwaet 刷
srwij 衰
srwijH 率,帥
srwit 率,蟀
sraewng 雙
srjang 霜
dzywij 誰
sywijX 水
sywejH 帨,税,説
zywinX 楯
sywinH 舜
zywinH 順
sywet 説
sraewk 數,朔
si 司,思,絲
sij 私
sje 斯,虒,𩆵
sijX 死
sijH 四,肆,駟
ziX 似,祀,巳,耜,鈶,禩
ziH 食,寺,飤,飼,嗣
zijX 兕
zriX 俟
sjuwng 嵩,崧
zjowng 松
sowngH 宋
suwngH 送
zjowngH 訟,頌,誦
srjuw 搜,廋
suwX 叟,叜,傁
suwH 嗽
su 蘇,穌
zjowk 續,俗,藚
sjowk 粟
sjuwk 肅,宿,夙
suH 素,愬,𧪜,遡,㴑,泝,訴
suwk 速
swan 酸
swanH 算,蒜,祘
swij 雖,綏
zjwe 隨,隋
sjweX 髓
sjweH 瀡,隋
dzwit 誶
sjwejH 歲
swijH 祟,誶
swojH 碎
zwijH 𥝩,遂,隧,穗,穟,檖,燧
swon 孫,飧
swinX 筍,隼
swonX 損
sa 獻,娑
srjuwk 縮
swa 蓑
sak 索
srjoX 所
swaX 鎖,瑣,鏁
tha 他,它,拖,佗
that 獺,𦍒
trhaet 獺
dap 蹋
dop 沓,眔,遝
thoj 胎
doj 臺
thajH 太,泰
than 歎,灘,嘽
thom 探,貪
dam 談
dan 彈,壇,鼉
dom 潭,覃,燂
thanX 坦
thomX 醓
thanH 嘆,炭
thang 康,唐,湯,鏜
dang 唐,堂,糖,塘,棠,餳
thangX 儻,攩
thaw 滔,饕
daw 桃,鞀,匋,逃,陶,鼗
thawX 討
dok 犆,特
thok 忒,慝
dong 騰,縢
thej 梯,睇
thek 惕,剔
dej 嗁,提,啼,荑
thejX 體,涕
thejH 洟,替,涕,剔,薙
them 添
then 天,吞
den 田,填,畋
denX 殄
themX 舔,忝
themH 忝
thenX 腆
thew 挑,蓧
dew 條,調,跳
dewX 挑,窕
thewH 眺
thep 貼,怗
thet 鐵,餮
theng 聽,汀
deng 停,廷,亭
thengX 𡈼,挺,町
thengH 聽
thuwng 通
downg 彤
duwng 同,童,銅,筒,侗
thuwngX 統,桶
duwngH 慟
thuwngH 痛
thuw 偷
duw 頭,投,歈
dwot 突,腯
thuwk 禿
thwot 突
du 屠,瘏,圖,徒,途,涂,塗
thu 稌
thuX 土,吐
thuH 吐,兔
thwan 湍
dwan 團,摶
thwanX 畽
thwanH 彖
thwoj 推,焞
dwoj 魋,隤
thwajH 蜕
thwojH 退
thon 吞
thwon 焞
dwon 屯,𡱂,豚,𢄉
thak 託,橐
thwat 捝,脱
da 驒,鼉,紽,沱,鮀
thwaX 妥,隋,橢
wae 汙,污,鼃
wea 鼃,蛙
hwea 鼃
ngwaeX 瓦
mjot 韈
ngwajH 外
jwonX 婉,夗,宛,苑
mjonX 晚
ngwanH 玩,翫
wang 汪,尪
hjwang 王
jwangX 枉
hjwangX 往,迋
mjangX 網,网,惘,罔
hjwangH 王,迋
mjangH 望,忘,妄
jw+j 威
jwe 委
weaj 崴
woj 隈
mj+j 微
ngjw+j 魏,巍
ngjwe 危
hjw+j 圍,違,韋
hjwe 為,爲
hwij 帷
ngwoj 嵬
ngwojX 嵬
ywij 壝,維,遺,唯,惟
jweX 委,骫
hjw+jX 煒,韡
hwijX 鮪,洧
mj+jX 尾,亹
ngjweH 偽
nrjweH 諉
jw+jH 畏,㷉,慰,蔚
hjw+jH 謂,胃,蝟
hjweH 為
hjwejH 衛
hwijH 位
mj+jH 未,味
ngjw+jH 魏
ywijH 遺
won 𥁕,温,溫
mjun 蚉,文,聞,蚊
ngonX 眼
mjunH 問,紊
uwng 翁
uwngH 瓮,甕
ngaX 我
aewk 葯,渥,鷽
waek 擭
ngwaH 臥
u 烏,於,洿,嗚,圩,杇
uwk 屋
ngu 吳,吾
mjuX 舞,儛,武,侮,憮
nguX 五,午,伍
uH 惡
mjuH 務,霧
mjut 物,勿
nguH 誤,悟,晤,寤,啎,遻
ngwot 兀
hej 兮,奚,蹊,騱
khej 溪,谿
sek 析,晳,錫,皙
sik 息,熄
sit 悉,膝
sjek 惜,昔,潟,舄
xi 熙,熹
xip 噏,吸,歙,翕
xj+j 希,豨
xje 犧,羲,䖒
xjij 屎
zjek 席,夕
zip 習,襲,隰
sejX 洗,洒,姺
siX 枲,葸
sjeX 徙,璽
srjeX 灑,纚
xiX 喜
xj+jX 狶,豨
hejH 系,繫
khjaek 綌,郤,𡭴,隙
sejH 細,壻
xek 鬩
xijH 塈
xjaek 虩
xjeH 戲
haep 匣,狎,柙
haet 舝,轄
heat 黠
haeX 下,夏,廈,厦
haeH 暇,芐,下,夏
xaeH 嚇
sen 蹮,先
sjem 譣
sjen 鮮,仙,僊
xen 天
haem 銜
heam 鹹,咸
hean 間,閑,瞷
hem 嫌
hen 賢,弦,誸
zjen 㳄
senX 洗
sjenX 鮮,𤣔,獮,癬
xenX 顯
xjaemX 險
xjemX 險
heamH 臽,陷
heanX 限
henX 俔
henH 現,見
hwenH 縣
senH 霰,𩆵,先
xjonH 獻,憲
zjenH 羨
sjang 相,箱,襄,纕
xjang 膷,皀,香,鄉,薌
haewng 夅,降
zjang 詳,祥,翔,痒,庠
sjangX 想
xjangX 享,亨,曏,響,鄉,饗
haewngX 項
haewngH 巷
sjangH 相
xjangH 向,曏,鄉,嚮
zjangX 像,象,橡
hjew 鴞
sjak 削
sjew 消,肖,霄,宵,逍
sjewX 小
xewX 曉
haewH 效,斆,校
sewH 嘯
sjewH 笑,削,肖
xaewH 孝
set 屑,楔
xjot 歇
hea 鞵,鞋
hep 劦,協,挾
het 擷
tsep 挾
xjaep 脅
zjae 邪
sjaeX 寫,瀉
heaX 解,蟹
heaH 邂
heajH 械
sep 屧,燮
sjaeH 卸
sjet 薛,泄,褻,絏,辥
yejH 泄,勩,裔
zjaeH 謝
sim 心
sin 新,辛,薪
xeng 馨
xim 歆
xj+n 欣,昕
simX 罧
sinH 信,訊,囟
xinH 釁,衅
seng 星,腥
xing 興
haengH 行
heng 形,刑,邢,硎,陘
sengX 醒
sjengX 省
haengX 杏,荇
heangX 幸
sjengH 性,姓
xjowng 凶,訩
xjwaeng 兄
hjuwng 雄,熊
sjuw 修,羞,脩
xjuw 休,鵂
xjuwX 朽
sjuwH 秀,宿,繡
zjuwH 袖
khjo 虛,墟
sju 需,須,鬚
swit 恤,戌,訹
xjo 虛
zjo 徐,邪
sjoX 湑
xjoX 許
sjoH 絮
xjowk 頊
xjuwk 蓄,畜,稸,慉
xjwijH 侐
xwik 淢,洫,侐,緎,閾
zjoX 序,緒,敘
sjwen 宣,亘
xjon 軒
xjwien 儇,翾
xwen 駽
hwen 縣,玄,懸
zjwen 㘣,還,旋
sjwenX 選,饌
xjwonX 咺,晅,烜
hwenX 鞙
sjwenH 選
xwenH 駽,絢
zjwenH 旋
hwet 穴
sjwet 雪
xjak 謔
xjwiet 烕
xwet 血
xjun 熏,葷,薰
swin 荀,恂
zwin 巡,循,旬,馴,紃
swinH 濬,迅
xjunH 訓
zwinH 殉,徇
ae 鴉
aep 壓,押
jiep 厭
ngae 牙,芽
ngea 厓,崖,涯
yae 邪
aeX 啞
ngaeX 雅,庌
aeH 亞
eat 軋,揠
ngaeH 迓
xaeX 襾
ean 殷
en 烟,煙,咽
jem 淹
jen 焉,鄢
jiem 猒,厭
jon 鄢
jonX 鄢,㫃,偃
hjen 焉
hjem 炎
ngaem 巖
ngaen 顏
ngen 研,妍
ngenH 硯,硏
ngjaem 嚴
ngjon 言,甗
yem 檐,壛,鹽,閻,阽
yen 延,羨,筵
ywen 沿,緣,捐
jemX 奄
ngeanX 眼
ngjaemX 儼
ngjenX 巘
ngjenH 甗,彥,諺,讞
ngjonX 巘
yemX 覃,剡
yenX 演,衍
aenH 晏,鴳
enH 燕,咽,宴,晏
jemH 饜
jiemH 猒
ngaenH 鴈,雁
ngjemH 驗
ngjonH 鬳
yemH 爓,鹽
jang 央,殃,鴦
yang 陽,洋,楊,揚,羊,痒,瘍,昜,颺,鍚
ngjangX 仰
yangX 養,癢
yangH 羕
ew 幺
jew 夭
jiew 腰
haew 肴,爻
ngew 堯
yew 䍃,窰,傜,陶,遙,徭,媱,搖,謠
ewX 窈
jiewH 要,約
ngaewH 樂
yak 藥,躍,龠,籥
yewH 曜,燿,耀
et 噎
yaeX 也,野,𡐨,埜
jot 謁
hip 燁,爗
hjep 燁,爗
ngjaep 業
yaeH 夜
yek 易,亦,譯,液,繹,奕,腋,驛,掖,弈,蜴
yep 葉,枼
yet 抴
ej 鷖
j+j 依,衣
jij 吚,伊,咿
jip 揖,挹
jit 一,壹
ngi 疑
ngj+j 沂
ngje 儀,宜
yi 𦣞,台,怡,頤,貽,詒
yij 夷,寅,彝
ye 移,蛇,迻,匜
it 乙
j+jX 偯
jeX 椅,倚
hiX 矣
ngj+jX 螘
ngjeX 蟻,蛾,錡,螘
yiX 㠯,以,已,苡
yeX 胣
ejH 縊
iH 意
ijH 懿,㦤,饐
ik 億,憶,抑,臆,噫
ip 邑,浥
j+jH 衣
jejH 瘞
jieH 縊
jiek 益,嗌,膉
op 唈
ngejH 詣,羿
ngek 鷁
ngijH 劓
ngj+jH 豙,毅,藙
ngj+t 仡
ngjeH 義,議
ngjejH 㓷
ngjiejH 埶,藝,蓺
ngjojH 乂,刈
yiH 異,异
yik 翼,翌,弋,翊
yit 逸,溢,佚,鎰,佾
yeH 易
ywek 役,疫
im 音,陰
in 駰
j+n 殷,慇
jim 愔
jin 垔,因,禋,陻
ngin 銀,誾
ngj+n 垠,圻
yim 淫,㸒
yin 寅,夤
imX 飲
j+nX 隱
yinX 蚓,螾,引
yinH 朄,引,胤
ywinX 允,尹,狁
imH 飲,蔭
j+nH 隱
jinH 印
eang 罌,罃
ing 應,鷹,膺
jaeng 英
jieng 嬰,纓
hweng 熒,螢
ngjaeng 迎
ying 蠅
yeng 贏,盈,嬴,楹
yweng 營
jaengX 影
yengX 郢
ywengX 穎
ngjaengH 迎
jowng 雍,邕,癰
hjwaengX 永
hjwaengH 泳,咏,詠
yowngX 勇,踊,俑
yowngH 用
jiw 幽
juw 優,憂,耰
yuw 由,游,遊,油,猶,悠,攸,斿
hjuw 尤,訧
hjuwX 有,友,右,祐
yuwX 誘,酉,莠,牖
jiwH 幼
hjuwH 又,右,佑,祐,囿
hjuwk 囿
ju 迂,紆
hju 于,迂,盂,竽,雩
jo 於
ngjo 魚,漁,䱷,鋙
ngju 娛,虞,隅
yo 余,餘,予,譽,輿
yoX 与,與,予,舁
yu 愉,逾,俞,榆,渝,諛,臾,窬,踰
zyu 蝓
juX 傴
hjuX 雨,宇,羽,禹
ngjoX 語,御,禦,圄,圉,鋙
yuX 愈,庾
jut 鬱,蔚
juwk 彧,奧,郁,薁
hjuH 雨,芋
hwik 或,域,緎
hwit 汩
ngjoH 語,御,馭
ngjowk 玉,獄
ngjuH 遇,寓
yoH 譽,豫,鸒,與
yowk 欲,慾
yuH 裕,喻
yuwk 儥,𧶠,育,毓,煜,昱,鬻
ywit 繘,聿,遹
jwien 悁
jwienX 蜎
wen 淵,蜎,肙
gjwienX 蜎
hjwen 員,圓,圜
hjwon 園,猨,援,袁,垣,轅,爰
ngjwon 原,元,源
hjwonX 遠
jwonH 怨
hjwenH 院,媛
ngjwonH 𩕾,願,愿
jak 約,葯
hjwot 曰,戉,越,粵,鉞
ngaewk 樂,嶽,岳
ngjwot 月,軏
ngwaet 刖
ywet 悦,蜕,閲,説
hjun 員,雲,云,芸,耘
hwin 筠
ywin 匀
junX 韞,藴
hwinX 隕
junH 愠,慍,藴,縕
hjunH 運
hwinH 均,韻,韵
yingH 孕
tsop 帀,噆
dzop 雜
tsoj 災,灾,𢦒,𢦏,栽,哉,烖
tsojX 載,宰
dzojX 在
dzojH 載
tsojH 再,載
tsom 簪
tsrim 簪
dzamH 暫
tsanH 贊
tsang 贓,臧
dzangH 藏
tsangH 葬
tsaw 遭,糟
dzak 昨,鑿,怍
dzowk 鑿
tsawX 早,藻,澡,棗,蚤,繰
dzawX 皁,造
sawX 燥
tsawH 躁,竈
draek 澤,宅
tsok 則
tsraek 柞
tsreak 責
dzok 賊
tsrimH 譖
dzing 繒
tsong 增,曾,憎
dzongH 贈
tsingH 甑
tsrae 柤
tsreat 札
tsreap 眨
dzraeH 乍
tsraeH 詐
treak 摘,謫
tsreaj 齋
dreaX 廌,豸
tsreaH 責,債
tsreajH 祭,瘵
trjem 沾
trjen 鱣
tsyem 厃,占,詹,瞻,噡
tsyenX 饘
trjenX 展,輾,襢,搌
trjenH 展,襢
tsreamX 斬
tsreanX 盞
dzraenX 棧
dzraenH 棧
dzreanX 棧,轏
tsyenH 戰
trjang 張
tsyang 章,璋,獐
trjangX 長
tsyangX 掌
drjangX 丈,杖
trjangH 帳
traew 啁
trjew 朝
tsyew 昭
tsraewX 爪,㕚,抓
tsyewX 沼
draewH 濯,櫂
drjewX 趙,兆
drjewH 召
traewH 罩
tsyewH 炤,照,詔
tsyae 遮
dreak 謫
drip 蟄
nep 慹
traek 乇
trjep 輒,耴
trjet 哲,悊
tsyejH 晢,瘈,狾,制,製
tsyep 懾,慹
tsyet 晢,折
tsyaeX 者,赭
tsyaeH 炙,蔗,柘
trim 椹
trin 珍
trjeng 貞,禎
tsrin 榛,蓁
tsyim 針,斟,箴,鍼
tsyin 真,振,甄,縝
drinH 陳,陣,診
trhinX 辴
tsyimX 枕
tsyinX 㐱,診,稹,鬒,畛,軫,袗
drimX 朕
trhinH 疹
trinH 鎮
tsyimH 枕
dzreang 崢
treang 丁
tring 徵
tsreang 爭
tsying 烝,脀,蒸
tsyeng 正,征
tsyingX 撜,拯,抍
tsyengX 整
drjengH 鄭
tsyingH 證
tsyengH 正,政,証
trje 知,蜘
tsyi 之
tsyij 脂,祗
tsyip 執,汁,慹
tsye 支,枝,肢,觶,胑
driH 治,值,植
drik 直
drjek 躑
dzyik 植,殖,埴
trik 陟,稙
trip 縶
trijX 黹
tsyiX 止,趾,茝
tsyijX 指,旨,砥
tsyeX 紙,咫
drijX 雉
drijH 稚,稺
drjeX 豸
drjejH 滯,彘
triH 置
trijH 疐,質,致
trit 窒
trjeH 智
tsrit 楖
tsyiH 識,志,誌
tsyijH 至,摯,鷙
tsyit 質
tsyeH 寘,示,忮
dzowng 潨
trjuwng 中,忠
tsyowng 妐,鍾,鐘
tsyuwng 終,螽,潨
trjowngX 冢
tsyowngX 種,腫
drjowngX 重
drjowngH 重
drjuwngH 仲
trjuwngH 中
tsyowngH 種
tsyuwngH 眾,衆
tsyuw 周,洲,州,舟
tsyuwk 祝,粥,鬻
drjuwk 逐,軸
trjuwX 疛,肘
tsyuwX 帚,箒
drjuwX 紂,酎
drjuwH 冑
dzrjuwH 驟,騶
trjuwH 晝,咮
tsrjuwH 皺,縐
tsyuwH 祝
trjo 豬
trju 株,蛛,誅,邾
tsyo 諸
tsyu 朱,侏
trjowk 瘃
trjuwk 築,竹
tsyowk 屬,燭
trjoX 褚
trjuX 拄
trjuH 壴,注,駐
tsyoX 煑,煮,䰞,渚,陼
tsyuX 主,斗
drjoX 杼,紵,竚
drjoH 除,箸
drjuX 柱
drjuH 住
dzrjoH 助
trjoH 著
tsyuH 馵,鑄
tsraew 抓
tsrwae 髽
tsywen 專,顓
trjwenX 轉
drjwenH 傳
dzrjwenX 撰
trjwenH 傳
tsrjang 莊,妝
draewngH 撞
dzrjangH 狀
tsrjangH 壯
trwij 追
tsywij 錐,隹
tsywijX 沝
trwin 屯
tsywin 淳
tsywinX 準,淳
traewk 桌,卓,斲,琢,啄
tsraewk 捉,斮
tsywet 拙
draewk 濁,擢,濯
drjak 著
drjowk 躅
trjak 著
trjwejH 叕
tsrjak 斮
tsrjwet 茁
tsrweat 茁
tsyak 繳,酌,勺,斫
tsi 茲,滋
tsij 資,咨,諮,粢,齍
tsri 緇
tsiX 子,梓
tsijX 姊,秭
zje 訾
dziH 字
dzijH 自
tsijH 恣
tsjowng 從
tsowng 宗
tsuwng 緵,稯,豵,總,緫,揔
tsuwngX 總,緫,揔
dzjowngH 從
tsjowngH 縱
tsowngH 綜
tsrjuw 騶,掫,鄹
tsrjuwX 掫
tsuwX 走
tsuwH 奏
dzuwk 族
tsjowk 足
tsuwk 鏃
tswit 卒
tswot 卒
tsrjoX 阻,俎
tsuX 祖
tswan 鑽
tswanX 纂
tswoj 䘒,朘
tsjweX 觜
dzwojX 罪
tswajH 最
tswijH 醉
tswin 遵,僎
tswon 尊,樽
tsaX 左
tsaH 左,佐
dzuH 祚,胙,阼
dzwaX 坐
dzwaH 坐,座
tsak 作,糳
tsuH 作
luw 牢
maengX 猛
bjuwngH 鳳
nyju 儒
tshoj 偲
khanX 侃
gjwenH 倦
tshenH 倩
dzrjenX 僎
swonH 遜,巽
pjinH 殯,擯
tsyjet 梲
tsimH 浸
dzjang 牆
kwenH 狷
tsjeX 紫
jun 縕
xit 肸
sraenH 訕
i 醫
xej 醯
byuX 釜
tshje 雌
dzyew 韶
aejH 餲
dzrjwenH 饌
sjeng 騂
tsjuwk 踧
lamH 濫
pyut 黻
ngawH 奡
pheanH 盼
sruwk 蹜
kjangX 襁
bwoj 陪
tsuw 緅
dewH 蓧
net 涅
mangX 莽
xj+t 迄
phjun 紛
trhjimH 闖
dzjengX 靖
nrjangH 釀
pjeng 併
tsrhwaenH 篡
phijH 屁
hj+jX 暐
dzyep 涉
khemX 慊
, ，
. 。
? ？
! ！
: ：
; ；
( （
) ）
<< 《
>> 》
[ 【
] 】
{ 〔
} 〕
< 〈
> 〉